-- phpMyAdmin SQL Dump
-- version 4.1.14
-- http://www.phpmyadmin.net
--
-- Host: 127.0.0.1
-- Generation Time: 2016-09-26 08:10:20
-- 服务器版本： 5.6.17
-- PHP Version: 5.5.12

SET SQL_MODE = "NO_AUTO_VALUE_ON_ZERO";
SET time_zone = "+00:00";


/*!40101 SET @OLD_CHARACTER_SET_CLIENT=@@CHARACTER_SET_CLIENT */;
/*!40101 SET @OLD_CHARACTER_SET_RESULTS=@@CHARACTER_SET_RESULTS */;
/*!40101 SET @OLD_COLLATION_CONNECTION=@@COLLATION_CONNECTION */;
/*!40101 SET NAMES utf8 */;

--
-- Database: `jd`
--

-- --------------------------------------------------------

--
-- 表的结构 `jd_address`
--

CREATE TABLE IF NOT EXISTS `jd_address` (
  `addressId` int(11) NOT NULL AUTO_INCREMENT COMMENT 'id',
  `receiver` char(50) CHARACTER SET utf8 COLLATE utf8_unicode_ci NOT NULL COMMENT '收货人',
  `tel` char(20) NOT NULL COMMENT '联系电话',
  `address` varchar(128) NOT NULL COMMENT '送货地址',
  `userId` int(11) NOT NULL COMMENT '用户id 对应jd_users表 id',
  `isDefault` tinyint(1) NOT NULL DEFAULT '1' COMMENT '是否默认  1->是 0->否',
  `hometel` char(20) DEFAULT NULL COMMENT '家庭电话',
  `email` char(32) DEFAULT NULL COMMENT '邮箱',
  `addressbie` varchar(255) CHARACTER SET utf8mb4 DEFAULT NULL COMMENT '地址别名',
  `payment` tinyint(1) NOT NULL DEFAULT '0' COMMENT '支付方式 0->货到付款 1->在线支付 2->分期付款',
  `delivery` tinyint(1) NOT NULL DEFAULT '0' COMMENT '0->快递 1->自提',
  `provinceId` int(11) NOT NULL COMMENT '省id',
  `cityId` int(11) NOT NULL COMMENT '市id',
  `countyId` int(11) NOT NULL COMMENT '区id',
  `status` tinyint(1) NOT NULL DEFAULT '1' COMMENT '状态 1->启用 0->禁用',
  PRIMARY KEY (`addressId`)
) ENGINE=MyISAM  DEFAULT CHARSET=utf8 COMMENT='收货信息表' AUTO_INCREMENT=12 ;

--
-- 转存表中的数据 `jd_address`
--

INSERT INTO `jd_address` (`addressId`, `receiver`, `tel`, `address`, `userId`, `isDefault`, `hometel`, `email`, `addressbie`, `payment`, `delivery`, `provinceId`, `cityId`, `countyId`, `status`) VALUES
(2, '规范广告覆盖', '13240098183', 'ghg', 2, 0, '', '', '', 1, 0, -1, -1, -1, 1),
(3, '规范广告覆盖', '13240098183', 'ghg', 2, 1, '', '', '', 0, 0, -1, -1, -1, 1),
(4, '规范广告覆盖', '13240098183', 'ghg', 2, 1, '', '', '', 0, 0, -1, -1, -1, 1),
(5, 'jiang', '13240098183', '意象', 3, 1, '', '', '北京北京昌平区', 0, 0, 2, 52, 512, 1),
(6, '亮sir', '12345678900', '回龙观文化西路', 7, 1, '', '', '北京北京昌平区', 0, 0, 2, 52, 512, 1),
(7, '11', '11111111111', '1111', 10, 1, '', '', '北京北京东城区', 0, 0, 2, 52, 500, 1),
(8, 'dandan', '18682480981', ' he he', 8, 1, '', '', '福建南平建瓯市', 0, 0, 4, 55, 541, 1),
(9, '11111111', '11111111111', '22222222222', 1, 1, '', '', '福建龙岩漳平市', 0, 0, 4, 54, 532, 1),
(10, '111', '13111111111', '123', 13, 1, '', '', '北京北京东城区', 0, 0, 2, 52, 500, 1),
(11, '111', '13111111111', '123', 12, 1, '', '', '安徽安庆大观区', 1, 0, 3, 36, 399, 1);

-- --------------------------------------------------------

--
-- 表的结构 `jd_advances`
--

CREATE TABLE IF NOT EXISTS `jd_advances` (
  `advanceId` int(11) NOT NULL AUTO_INCREMENT COMMENT '广告id',
  `img` char(64) NOT NULL COMMENT '广告图片',
  `status` tinyint(4) NOT NULL DEFAULT '0' COMMENT '状态 0->上架 1->审核 2->禁用',
  `links` char(128) NOT NULL COMMENT '连接地址',
  `location` tinyint(1) NOT NULL COMMENT '是否本地 1->是（读取img) 0->否（读取links)',
  `seriation` tinyint(1) NOT NULL COMMENT '排序 越大越前',
  `addtime` int(11) NOT NULL COMMENT '添加时间',
  PRIMARY KEY (`advanceId`),
  KEY `status` (`status`),
  KEY `location` (`location`)
) ENGINE=MyISAM  DEFAULT CHARSET=utf8 COMMENT='广告表' AUTO_INCREMENT=15 ;

--
-- 转存表中的数据 `jd_advances`
--

INSERT INTO `jd_advances` (`advanceId`, `img`, `status`, `links`, `location`, `seriation`, `addtime`) VALUES
(2, '1412600432.jpg', 0, '', 1, 0, 1412600432),
(3, '1412600458.jpg', 0, '', 0, 1, 1412600458),
(4, '1412600816.jpg', 0, '', 0, 2, 1412600816),
(5, '1412600866.jpg', 0, '', 1, 1, 1412600866),
(6, '1412600897.jpg', 0, '', 1, 2, 1412600897),
(7, '1412666250.jpg', 0, '', 0, 3, 1412666250),
(8, '1412666271.jpg', 0, '', 0, 4, 1412666271),
(9, '1412668235.jpg', 0, '', 1, 3, 1412668235),
(10, '1412668253.jpg', 0, '', 1, 4, 1412668253),
(11, '1412668315.jpg', 0, '', 1, 5, 1412668315),
(12, '1412668340.jpg', 0, '', 1, 6, 1412668340),
(13, '1412668355.jpg', 0, '', 1, 7, 1412668355),
(14, '1412922765.jpg', 0, '', 0, 0, 1412922765);

-- --------------------------------------------------------

--
-- 表的结构 `jd_areasid`
--

CREATE TABLE IF NOT EXISTS `jd_areasid` (
  `areaid` smallint(5) unsigned NOT NULL AUTO_INCREMENT COMMENT '地区id',
  `pId` smallint(5) unsigned NOT NULL DEFAULT '0' COMMENT '父级地区id',
  `diqu` varchar(120) NOT NULL DEFAULT '' COMMENT '地区名称',
  `status` tinyint(1) NOT NULL DEFAULT '1' COMMENT '状态 1->启用 0->禁用',
  PRIMARY KEY (`areaid`),
  KEY `pId` (`pId`),
  KEY `status` (`status`),
  KEY `diqu` (`pId`,`status`)
) ENGINE=MyISAM  DEFAULT CHARSET=utf8 COMMENT='地区表' AUTO_INCREMENT=3560 ;

--
-- 转存表中的数据 `jd_areasid`
--

INSERT INTO `jd_areasid` (`areaid`, `pId`, `diqu`, `status`) VALUES
(1, 0, '中国', 1),
(2, 1, '北京', 1),
(3, 1, '安徽', 1),
(4, 1, '福建', 1),
(5, 1, '甘肃', 1),
(6, 1, '广东', 1),
(7, 1, '广西', 1),
(8, 1, '贵州', 1),
(9, 1, '海南', 1),
(10, 1, '河北', 1),
(11, 1, '河南', 1),
(12, 1, '黑龙江', 1),
(13, 1, '湖北', 1),
(14, 1, '湖南', 1),
(15, 1, '吉林', 1),
(16, 1, '江苏', 1),
(17, 1, '江西', 1),
(18, 1, '辽宁', 1),
(19, 1, '内蒙古', 1),
(20, 1, '宁夏', 1),
(21, 1, '青海', 1),
(22, 1, '山东', 1),
(23, 1, '山西', 1),
(24, 1, '陕西', 1),
(25, 1, '上海', 1),
(26, 1, '四川', 1),
(27, 1, '天津', 1),
(28, 1, '西藏', 1),
(29, 1, '新疆', 1),
(30, 1, '云南', 1),
(31, 1, '浙江', 1),
(32, 1, '重庆', 1),
(33, 1, '香港', 1),
(34, 1, '澳门', 1),
(35, 1, '台湾', 1),
(36, 3, '安庆', 1),
(37, 3, '蚌埠', 1),
(38, 3, '巢湖', 1),
(39, 3, '池州', 1),
(40, 3, '滁州', 1),
(41, 3, '阜阳', 1),
(42, 3, '淮北', 1),
(43, 3, '淮南', 1),
(44, 3, '黄山', 1),
(45, 3, '六安', 1),
(46, 3, '马鞍山', 1),
(47, 3, '宿州', 1),
(48, 3, '铜陵', 1),
(49, 3, '芜湖', 1),
(50, 3, '宣城', 1),
(51, 3, '亳州', 1),
(52, 2, '北京', 1),
(53, 4, '福州', 1),
(54, 4, '龙岩', 1),
(55, 4, '南平', 1),
(56, 4, '宁德', 1),
(57, 4, '莆田', 1),
(58, 4, '泉州', 1),
(59, 4, '三明', 1),
(60, 4, '厦门', 1),
(61, 4, '漳州', 1),
(62, 5, '兰州', 1),
(63, 5, '白银', 1),
(64, 5, '定西', 1),
(65, 5, '甘南', 1),
(66, 5, '嘉峪关', 1),
(67, 5, '金昌', 1),
(68, 5, '酒泉', 1),
(69, 5, '临夏', 1),
(70, 5, '陇南', 1),
(71, 5, '平凉', 1),
(72, 5, '庆阳', 1),
(73, 5, '天水', 1),
(74, 5, '武威', 1),
(75, 5, '张掖', 1),
(76, 6, '广州', 1),
(77, 6, '深圳', 1),
(78, 6, '潮州', 1),
(79, 6, '东莞', 1),
(80, 6, '佛山', 1),
(81, 6, '河源', 1),
(82, 6, '惠州', 1),
(83, 6, '江门', 1),
(84, 6, '揭阳', 1),
(85, 6, '茂名', 1),
(86, 6, '梅州', 1),
(87, 6, '清远', 1),
(88, 6, '汕头', 1),
(89, 6, '汕尾', 1),
(90, 6, '韶关', 1),
(91, 6, '阳江', 1),
(92, 6, '云浮', 1),
(93, 6, '湛江', 1),
(94, 6, '肇庆', 1),
(95, 6, '中山', 1),
(96, 6, '珠海', 1),
(97, 7, '南宁', 1),
(98, 7, '桂林', 1),
(99, 7, '百色', 1),
(100, 7, '北海', 1),
(101, 7, '崇左', 1),
(102, 7, '防城港', 1),
(103, 7, '贵港', 1),
(104, 7, '河池', 1),
(105, 7, '贺州', 1),
(106, 7, '来宾', 1),
(107, 7, '柳州', 1),
(108, 7, '钦州', 1),
(109, 7, '梧州', 1),
(110, 7, '玉林', 1),
(111, 8, '贵阳', 1),
(112, 8, '安顺', 1),
(113, 8, '毕节', 1),
(114, 8, '六盘水', 1),
(115, 8, '黔东南', 1),
(116, 8, '黔南', 1),
(117, 8, '黔西南', 1),
(118, 8, '铜仁', 1),
(119, 8, '遵义', 1),
(120, 9, '海口', 1),
(121, 9, '三亚', 1),
(122, 9, '白沙', 1),
(123, 9, '保亭', 1),
(124, 9, '昌江', 1),
(125, 9, '澄迈县', 1),
(126, 9, '定安县', 1),
(127, 9, '东方', 1),
(128, 9, '乐东', 1),
(129, 9, '临高县', 1),
(130, 9, '陵水', 1),
(131, 9, '琼海', 1),
(132, 9, '琼中', 1),
(133, 9, '屯昌县', 1),
(134, 9, '万宁', 1),
(135, 9, '文昌', 1),
(136, 9, '五指山', 1),
(137, 9, '儋州', 1),
(138, 10, '石家庄', 1),
(139, 10, '保定', 1),
(140, 10, '沧州', 1),
(141, 10, '承德', 1),
(142, 10, '邯郸', 1),
(143, 10, '衡水', 1),
(144, 10, '廊坊', 1),
(145, 10, '秦皇岛', 1),
(146, 10, '唐山', 1),
(147, 10, '邢台', 1),
(148, 10, '张家口', 1),
(149, 11, '郑州', 1),
(150, 11, '洛阳', 1),
(151, 11, '开封', 1),
(152, 11, '安阳', 1),
(153, 11, '鹤壁', 1),
(154, 11, '济源', 1),
(155, 11, '焦作', 1),
(156, 11, '南阳', 1),
(157, 11, '平顶山', 1),
(158, 11, '三门峡', 1),
(159, 11, '商丘', 1),
(160, 11, '新乡', 1),
(161, 11, '信阳', 1),
(162, 11, '许昌', 1),
(163, 11, '周口', 1),
(164, 11, '驻马店', 1),
(165, 11, '漯河', 1),
(166, 11, '濮阳', 1),
(167, 12, '哈尔滨', 1),
(168, 12, '大庆', 1),
(169, 12, '大兴安岭', 1),
(170, 12, '鹤岗', 1),
(171, 12, '黑河', 1),
(172, 12, '鸡西', 1),
(173, 12, '佳木斯', 1),
(174, 12, '牡丹江', 1),
(175, 12, '七台河', 1),
(176, 12, '齐齐哈尔', 1),
(177, 12, '双鸭山', 1),
(178, 12, '绥化', 1),
(179, 12, '伊春', 1),
(180, 13, '武汉', 1),
(181, 13, '仙桃', 1),
(182, 13, '鄂州', 1),
(183, 13, '黄冈', 1),
(184, 13, '黄石', 1),
(185, 13, '荆门', 1),
(186, 13, '荆州', 1),
(187, 13, '潜江', 1),
(188, 13, '神农架林区', 1),
(189, 13, '十堰', 1),
(190, 13, '随州', 1),
(191, 13, '天门', 1),
(192, 13, '咸宁', 1),
(193, 13, '襄樊', 1),
(194, 13, '孝感', 1),
(195, 13, '宜昌', 1),
(196, 13, '恩施', 1),
(197, 14, '长沙', 1),
(198, 14, '张家界', 1),
(199, 14, '常德', 1),
(200, 14, '郴州', 1),
(201, 14, '衡阳', 1),
(202, 14, '怀化', 1),
(203, 14, '娄底', 1),
(204, 14, '邵阳', 1),
(205, 14, '湘潭', 1),
(206, 14, '湘西', 1),
(207, 14, '益阳', 1),
(208, 14, '永州', 1),
(209, 14, '岳阳', 1),
(210, 14, '株洲', 1),
(211, 15, '长春', 1),
(212, 15, '吉林', 1),
(213, 15, '白城', 1),
(214, 15, '白山', 1),
(215, 15, '辽源', 1),
(216, 15, '四平', 1),
(217, 15, '松原', 1),
(218, 15, '通化', 1),
(219, 15, '延边', 1),
(220, 16, '南京', 1),
(221, 16, '苏州', 1),
(222, 16, '无锡', 1),
(223, 16, '常州', 1),
(224, 16, '淮安', 1),
(225, 16, '连云港', 1),
(226, 16, '南通', 1),
(227, 16, '宿迁', 1),
(228, 16, '泰州', 1),
(229, 16, '徐州', 1),
(230, 16, '盐城', 1),
(231, 16, '扬州', 1),
(232, 16, '镇江', 1),
(233, 17, '南昌', 1),
(234, 17, '抚州', 1),
(235, 17, '赣州', 1),
(236, 17, '吉安', 1),
(237, 17, '景德镇', 1),
(238, 17, '九江', 1),
(239, 17, '萍乡', 1),
(240, 17, '上饶', 1),
(241, 17, '新余', 1),
(242, 17, '宜春', 1),
(243, 17, '鹰潭', 1),
(244, 18, '沈阳', 1),
(245, 18, '大连', 1),
(246, 18, '鞍山', 1),
(247, 18, '本溪', 1),
(248, 18, '朝阳', 1),
(249, 18, '丹东', 1),
(250, 18, '抚顺', 1),
(251, 18, '阜新', 1),
(252, 18, '葫芦岛', 1),
(253, 18, '锦州', 1),
(254, 18, '辽阳', 1),
(255, 18, '盘锦', 1),
(256, 18, '铁岭', 1),
(257, 18, '营口', 1),
(258, 19, '呼和浩特', 1),
(259, 19, '阿拉善盟', 1),
(260, 19, '巴彦淖尔盟', 1),
(261, 19, '包头', 1),
(262, 19, '赤峰', 1),
(263, 19, '鄂尔多斯', 1),
(264, 19, '呼伦贝尔', 1),
(265, 19, '通辽', 1),
(266, 19, '乌海', 1),
(267, 19, '乌兰察布市', 1),
(268, 19, '锡林郭勒盟', 1),
(269, 19, '兴安盟', 1),
(270, 20, '银川', 1),
(271, 20, '固原', 1),
(272, 20, '石嘴山', 1),
(273, 20, '吴忠', 1),
(274, 20, '中卫', 1),
(275, 21, '西宁', 1),
(276, 21, '果洛', 1),
(277, 21, '海北', 1),
(278, 21, '海东', 1),
(279, 21, '海南', 1),
(280, 21, '海西', 1),
(281, 21, '黄南', 1),
(282, 21, '玉树', 1),
(283, 22, '济南', 1),
(284, 22, '青岛', 1),
(285, 22, '滨州', 1),
(286, 22, '德州', 1),
(287, 22, '东营', 1),
(288, 22, '菏泽', 1),
(289, 22, '济宁', 1),
(290, 22, '莱芜', 1),
(291, 22, '聊城', 1),
(292, 22, '临沂', 1),
(293, 22, '日照', 1),
(294, 22, '泰安', 1),
(295, 22, '威海', 1),
(296, 22, '潍坊', 1),
(297, 22, '烟台', 1),
(298, 22, '枣庄', 1),
(299, 22, '淄博', 1),
(300, 23, '太原', 1),
(301, 23, '长治', 1),
(302, 23, '大同', 1),
(303, 23, '晋城', 1),
(304, 23, '晋中', 1),
(305, 23, '临汾', 1),
(306, 23, '吕梁', 1),
(307, 23, '朔州', 1),
(308, 23, '忻州', 1),
(309, 23, '阳泉', 1),
(310, 23, '运城', 1),
(311, 24, '西安', 1),
(312, 24, '安康', 1),
(313, 24, '宝鸡', 1),
(314, 24, '汉中', 1),
(315, 24, '商洛', 1),
(316, 24, '铜川', 1),
(317, 24, '渭南', 1),
(318, 24, '咸阳', 1),
(319, 24, '延安', 1),
(320, 24, '榆林', 1),
(321, 25, '上海', 1),
(322, 26, '成都', 1),
(323, 26, '绵阳', 1),
(324, 26, '阿坝', 1),
(325, 26, '巴中', 1),
(326, 26, '达州', 1),
(327, 26, '德阳', 1),
(328, 26, '甘孜', 1),
(329, 26, '广安', 1),
(330, 26, '广元', 1),
(331, 26, '乐山', 1),
(332, 26, '凉山', 1),
(333, 26, '眉山', 1),
(334, 26, '南充', 1),
(335, 26, '内江', 1),
(336, 26, '攀枝花', 1),
(337, 26, '遂宁', 1),
(338, 26, '雅安', 1),
(339, 26, '宜宾', 1),
(340, 26, '资阳', 1),
(341, 26, '自贡', 1),
(342, 26, '泸州', 1),
(343, 27, '天津', 1),
(344, 28, '拉萨', 1),
(345, 28, '阿里', 1),
(346, 28, '昌都', 1),
(347, 28, '林芝', 1),
(348, 28, '那曲', 1),
(349, 28, '日喀则', 1),
(350, 28, '山南', 1),
(351, 29, '乌鲁木齐', 1),
(352, 29, '阿克苏', 1),
(353, 29, '阿拉尔', 1),
(354, 29, '巴音郭楞', 1),
(355, 29, '博尔塔拉', 1),
(356, 29, '昌吉', 1),
(357, 29, '哈密', 1),
(358, 29, '和田', 1),
(359, 29, '喀什', 1),
(360, 29, '克拉玛依', 1),
(361, 29, '克孜勒苏', 1),
(362, 29, '石河子', 1),
(363, 29, '图木舒克', 1),
(364, 29, '吐鲁番', 1),
(365, 29, '五家渠', 1),
(366, 29, '伊犁', 1),
(367, 30, '昆明', 1),
(368, 30, '怒江', 1),
(369, 30, '普洱', 1),
(370, 30, '丽江', 1),
(371, 30, '保山', 1),
(372, 30, '楚雄', 1),
(373, 30, '大理', 1),
(374, 30, '德宏', 1),
(375, 30, '迪庆', 1),
(376, 30, '红河', 1),
(377, 30, '临沧', 1),
(378, 30, '曲靖', 1),
(379, 30, '文山', 1),
(380, 30, '西双版纳', 1),
(381, 30, '玉溪', 1),
(382, 30, '昭通', 1),
(383, 31, '杭州', 1),
(384, 31, '湖州', 1),
(385, 31, '嘉兴', 1),
(386, 31, '金华', 1),
(387, 31, '丽水', 1),
(388, 31, '宁波', 1),
(389, 31, '绍兴', 1),
(390, 31, '台州', 1),
(391, 31, '温州', 1),
(392, 31, '舟山', 1),
(393, 31, '衢州', 1),
(394, 32, '重庆', 1),
(395, 33, '香港', 1),
(396, 34, '澳门', 1),
(397, 35, '台湾', 1),
(398, 36, '迎江区', 1),
(399, 36, '大观区', 1),
(400, 36, '宜秀区', 1),
(401, 36, '桐城市', 1),
(402, 36, '怀宁县', 1),
(403, 36, '枞阳县', 1),
(404, 36, '潜山县', 1),
(405, 36, '太湖县', 1),
(406, 36, '宿松县', 1),
(407, 36, '望江县', 1),
(408, 36, '岳西县', 1),
(409, 37, '中市区', 1),
(410, 37, '东市区', 1),
(411, 37, '西市区', 1),
(412, 37, '郊区', 1),
(413, 37, '怀远县', 1),
(414, 37, '五河县', 1),
(415, 37, '固镇县', 1),
(416, 38, '居巢区', 1),
(417, 38, '庐江县', 1),
(418, 38, '无为县', 1),
(419, 38, '含山县', 1),
(420, 38, '和县', 1),
(421, 39, '贵池区', 1),
(422, 39, '东至县', 1),
(423, 39, '石台县', 1),
(424, 39, '青阳县', 1),
(425, 40, '琅琊区', 1),
(426, 40, '南谯区', 1),
(427, 40, '天长市', 1),
(428, 40, '明光市', 1),
(429, 40, '来安县', 1),
(430, 40, '全椒县', 1),
(431, 40, '定远县', 1),
(432, 40, '凤阳县', 1),
(433, 41, '蚌山区', 1),
(434, 41, '龙子湖区', 1),
(435, 41, '禹会区', 1),
(436, 41, '淮上区', 1),
(437, 41, '颍州区', 1),
(438, 41, '颍东区', 1),
(439, 41, '颍泉区', 1),
(440, 41, '界首市', 1),
(441, 41, '临泉县', 1),
(442, 41, '太和县', 1),
(443, 41, '阜南县', 1),
(444, 41, '颖上县', 1),
(445, 42, '相山区', 1),
(446, 42, '杜集区', 1),
(447, 42, '烈山区', 1),
(448, 42, '濉溪县', 1),
(449, 43, '田家庵区', 1),
(450, 43, '大通区', 1),
(451, 43, '谢家集区', 1),
(452, 43, '八公山区', 1),
(453, 43, '潘集区', 1),
(454, 43, '凤台县', 1),
(455, 44, '屯溪区', 1),
(456, 44, '黄山区', 1),
(457, 44, '徽州区', 1),
(458, 44, '歙县', 1),
(459, 44, '休宁县', 1),
(460, 44, '黟县', 1),
(461, 44, '祁门县', 1),
(462, 45, '金安区', 1),
(463, 45, '裕安区', 1),
(464, 45, '寿县', 1),
(465, 45, '霍邱县', 1),
(466, 45, '舒城县', 1),
(467, 45, '金寨县', 1),
(468, 45, '霍山县', 1),
(469, 46, '雨山区', 1),
(470, 46, '花山区', 1),
(471, 46, '金家庄区', 1),
(472, 46, '当涂县', 1),
(473, 47, '埇桥区', 1),
(474, 47, '砀山县', 1),
(475, 47, '萧县', 1),
(476, 47, '灵璧县', 1),
(477, 47, '泗县', 1),
(478, 48, '铜官山区', 1),
(479, 48, '狮子山区', 1),
(480, 48, '郊区', 1),
(481, 48, '铜陵县', 1),
(482, 49, '镜湖区', 1),
(483, 49, '弋江区', 1),
(484, 49, '鸠江区', 1),
(485, 49, '三山区', 1),
(486, 49, '芜湖县', 1),
(487, 49, '繁昌县', 1),
(488, 49, '南陵县', 1),
(489, 50, '宣州区', 1),
(490, 50, '宁国市', 1),
(491, 50, '郎溪县', 1),
(492, 50, '广德县', 1),
(493, 50, '泾县', 1),
(494, 50, '绩溪县', 1),
(495, 50, '旌德县', 1),
(496, 51, '涡阳县', 1),
(497, 51, '蒙城县', 1),
(498, 51, '利辛县', 1),
(499, 51, '谯城区', 1),
(500, 52, '东城区', 1),
(501, 52, '西城区', 1),
(502, 52, '海淀区', 1),
(503, 52, '朝阳区', 1),
(504, 52, '崇文区', 1),
(505, 52, '宣武区', 1),
(506, 52, '丰台区', 1),
(507, 52, '石景山区', 1),
(508, 52, '房山区', 1),
(509, 52, '门头沟区', 1),
(510, 52, '通州区', 1),
(511, 52, '顺义区', 1),
(512, 52, '昌平区', 1),
(513, 52, '怀柔区', 1),
(514, 52, '平谷区', 1),
(515, 52, '大兴区', 1),
(516, 52, '密云县', 1),
(517, 52, '延庆县', 1),
(518, 53, '鼓楼区', 1),
(519, 53, '台江区', 1),
(520, 53, '仓山区', 1),
(521, 53, '马尾区', 1),
(522, 53, '晋安区', 1),
(523, 53, '福清市', 1),
(524, 53, '长乐市', 1),
(525, 53, '闽侯县', 1),
(526, 53, '连江县', 1),
(527, 53, '罗源县', 1),
(528, 53, '闽清县', 1),
(529, 53, '永泰县', 1),
(530, 53, '平潭县', 1),
(531, 54, '新罗区', 1),
(532, 54, '漳平市', 1),
(533, 54, '长汀县', 1),
(534, 54, '永定县', 1),
(535, 54, '上杭县', 1),
(536, 54, '武平县', 1),
(537, 54, '连城县', 1),
(538, 55, '延平区', 1),
(539, 55, '邵武市', 1),
(540, 55, '武夷山市', 1),
(541, 55, '建瓯市', 1),
(542, 55, '建阳市', 1),
(543, 55, '顺昌县', 1),
(544, 55, '浦城县', 1),
(545, 55, '光泽县', 1),
(546, 55, '松溪县', 1),
(547, 55, '政和县', 1),
(548, 56, '蕉城区', 1),
(549, 56, '福安市', 1),
(550, 56, '福鼎市', 1),
(551, 56, '霞浦县', 1),
(552, 56, '古田县', 1),
(553, 56, '屏南县', 1),
(554, 56, '寿宁县', 1),
(555, 56, '周宁县', 1),
(556, 56, '柘荣县', 1),
(557, 57, '城厢区', 1),
(558, 57, '涵江区', 1),
(559, 57, '荔城区', 1),
(560, 57, '秀屿区', 1),
(561, 57, '仙游县', 1),
(562, 58, '鲤城区', 1),
(563, 58, '丰泽区', 1),
(564, 58, '洛江区', 1),
(565, 58, '清濛开发区', 1),
(566, 58, '泉港区', 1),
(567, 58, '石狮市', 1),
(568, 58, '晋江市', 1),
(569, 58, '南安市', 1),
(570, 58, '惠安县', 1),
(571, 58, '安溪县', 1),
(572, 58, '永春县', 1),
(573, 58, '德化县', 1),
(574, 58, '金门县', 1),
(575, 59, '梅列区', 1),
(576, 59, '三元区', 1),
(577, 59, '永安市', 1),
(578, 59, '明溪县', 1),
(579, 59, '清流县', 1),
(580, 59, '宁化县', 1),
(581, 59, '大田县', 1),
(582, 59, '尤溪县', 1),
(583, 59, '沙县', 1),
(584, 59, '将乐县', 1),
(585, 59, '泰宁县', 1),
(586, 59, '建宁县', 1),
(587, 60, '思明区', 1),
(588, 60, '海沧区', 1),
(589, 60, '湖里区', 1),
(590, 60, '集美区', 1),
(591, 60, '同安区', 1),
(592, 60, '翔安区', 1),
(593, 61, '芗城区', 1),
(594, 61, '龙文区', 1),
(595, 61, '龙海市', 1),
(596, 61, '云霄县', 1),
(597, 61, '漳浦县', 1),
(598, 61, '诏安县', 1),
(599, 61, '长泰县', 1),
(600, 61, '东山县', 1),
(601, 61, '南靖县', 1),
(602, 61, '平和县', 1),
(603, 61, '华安县', 1),
(604, 62, '皋兰县', 1),
(605, 62, '城关区', 1),
(606, 62, '七里河区', 1),
(607, 62, '西固区', 1),
(608, 62, '安宁区', 1),
(609, 62, '红古区', 1),
(610, 62, '永登县', 1),
(611, 62, '榆中县', 1),
(612, 63, '白银区', 1),
(613, 63, '平川区', 1),
(614, 63, '会宁县', 1),
(615, 63, '景泰县', 1),
(616, 63, '靖远县', 1),
(617, 64, '临洮县', 1),
(618, 64, '陇西县', 1),
(619, 64, '通渭县', 1),
(620, 64, '渭源县', 1),
(621, 64, '漳县', 1),
(622, 64, '岷县', 1),
(623, 64, '安定区', 1),
(624, 64, '安定区', 1),
(625, 65, '合作市', 1),
(626, 65, '临潭县', 1),
(627, 65, '卓尼县', 1),
(628, 65, '舟曲县', 1),
(629, 65, '迭部县', 1),
(630, 65, '玛曲县', 1),
(631, 65, '碌曲县', 1),
(632, 65, '夏河县', 1),
(633, 66, '嘉峪关市', 1),
(634, 67, '金川区', 1),
(635, 67, '永昌县', 1),
(636, 68, '肃州区', 1),
(637, 68, '玉门市', 1),
(638, 68, '敦煌市', 1),
(639, 68, '金塔县', 1),
(640, 68, '瓜州县', 1),
(641, 68, '肃北', 1),
(642, 68, '阿克塞', 1),
(643, 69, '临夏市', 1),
(644, 69, '临夏县', 1),
(645, 69, '康乐县', 1),
(646, 69, '永靖县', 1),
(647, 69, '广河县', 1),
(648, 69, '和政县', 1),
(649, 69, '东乡族自治县', 1),
(650, 69, '积石山', 1),
(651, 70, '成县', 1),
(652, 70, '徽县', 1),
(653, 70, '康县', 1),
(654, 70, '礼县', 1),
(655, 70, '两当县', 1),
(656, 70, '文县', 1),
(657, 70, '西和县', 1),
(658, 70, '宕昌县', 1),
(659, 70, '武都区', 1),
(660, 71, '崇信县', 1),
(661, 71, '华亭县', 1),
(662, 71, '静宁县', 1),
(663, 71, '灵台县', 1),
(664, 71, '崆峒区', 1),
(665, 71, '庄浪县', 1),
(666, 71, '泾川县', 1),
(667, 72, '合水县', 1),
(668, 72, '华池县', 1),
(669, 72, '环县', 1),
(670, 72, '宁县', 1),
(671, 72, '庆城县', 1),
(672, 72, '西峰区', 1),
(673, 72, '镇原县', 1),
(674, 72, '正宁县', 1),
(675, 73, '甘谷县', 1),
(676, 73, '秦安县', 1),
(677, 73, '清水县', 1),
(678, 73, '秦州区', 1),
(679, 73, '麦积区', 1),
(680, 73, '武山县', 1),
(681, 73, '张家川', 1),
(682, 74, '古浪县', 1),
(683, 74, '民勤县', 1),
(684, 74, '天祝', 1),
(685, 74, '凉州区', 1),
(686, 75, '高台县', 1),
(687, 75, '临泽县', 1),
(688, 75, '民乐县', 1),
(689, 75, '山丹县', 1),
(690, 75, '肃南', 1),
(691, 75, '甘州区', 1),
(692, 76, '从化市', 1),
(693, 76, '天河区', 1),
(694, 76, '东山区', 1),
(695, 76, '白云区', 1),
(696, 76, '海珠区', 1),
(697, 76, '荔湾区', 1),
(698, 76, '越秀区', 1),
(699, 76, '黄埔区', 1),
(700, 76, '番禺区', 1),
(701, 76, '花都区', 1),
(702, 76, '增城区', 1),
(703, 76, '从化区', 1),
(704, 76, '市郊', 1),
(705, 77, '福田区', 1),
(706, 77, '罗湖区', 1),
(707, 77, '南山区', 1),
(708, 77, '宝安区', 1),
(709, 77, '龙岗区', 1),
(710, 77, '盐田区', 1),
(711, 78, '湘桥区', 1),
(712, 78, '潮安县', 1),
(713, 78, '饶平县', 1),
(714, 79, '南城区', 1),
(715, 79, '东城区', 1),
(716, 79, '万江区', 1),
(717, 79, '莞城区', 1),
(718, 79, '石龙镇', 1),
(719, 79, '虎门镇', 1),
(720, 79, '麻涌镇', 1),
(721, 79, '道滘镇', 1),
(722, 79, '石碣镇', 1),
(723, 79, '沙田镇', 1),
(724, 79, '望牛墩镇', 1),
(725, 79, '洪梅镇', 1),
(726, 79, '茶山镇', 1),
(727, 79, '寮步镇', 1),
(728, 79, '大岭山镇', 1),
(729, 79, '大朗镇', 1),
(730, 79, '黄江镇', 1),
(731, 79, '樟木头', 1),
(732, 79, '凤岗镇', 1),
(733, 79, '塘厦镇', 1),
(734, 79, '谢岗镇', 1),
(735, 79, '厚街镇', 1),
(736, 79, '清溪镇', 1),
(737, 79, '常平镇', 1),
(738, 79, '桥头镇', 1),
(739, 79, '横沥镇', 1),
(740, 79, '东坑镇', 1),
(741, 79, '企石镇', 1),
(742, 79, '石排镇', 1),
(743, 79, '长安镇', 1),
(744, 79, '中堂镇', 1),
(745, 79, '高埗镇', 1),
(746, 80, '禅城区', 1),
(747, 80, '南海区', 1),
(748, 80, '顺德区', 1),
(749, 80, '三水区', 1),
(750, 80, '高明区', 1),
(751, 81, '东源县', 1),
(752, 81, '和平县', 1),
(753, 81, '源城区', 1),
(754, 81, '连平县', 1),
(755, 81, '龙川县', 1),
(756, 81, '紫金县', 1),
(757, 82, '惠阳区', 1),
(758, 82, '惠城区', 1),
(759, 82, '大亚湾', 1),
(760, 82, '博罗县', 1),
(761, 82, '惠东县', 1),
(762, 82, '龙门县', 1),
(763, 83, '江海区', 1),
(764, 83, '蓬江区', 1),
(765, 83, '新会区', 1),
(766, 83, '台山市', 1),
(767, 83, '开平市', 1),
(768, 83, '鹤山市', 1),
(769, 83, '恩平市', 1),
(770, 84, '榕城区', 1),
(771, 84, '普宁市', 1),
(772, 84, '揭东县', 1),
(773, 84, '揭西县', 1),
(774, 84, '惠来县', 1),
(775, 85, '茂南区', 1),
(776, 85, '茂港区', 1),
(777, 85, '高州市', 1),
(778, 85, '化州市', 1),
(779, 85, '信宜市', 1),
(780, 85, '电白县', 1),
(781, 86, '梅县', 1),
(782, 86, '梅江区', 1),
(783, 86, '兴宁市', 1),
(784, 86, '大埔县', 1),
(785, 86, '丰顺县', 1),
(786, 86, '五华县', 1),
(787, 86, '平远县', 1),
(788, 86, '蕉岭县', 1),
(789, 87, '清城区', 1),
(790, 87, '英德市', 1),
(791, 87, '连州市', 1),
(792, 87, '佛冈县', 1),
(793, 87, '阳山县', 1),
(794, 87, '清新县', 1),
(795, 87, '连山', 1),
(796, 87, '连南', 1),
(797, 88, '南澳县', 1),
(798, 88, '潮阳区', 1),
(799, 88, '澄海区', 1),
(800, 88, '龙湖区', 1),
(801, 88, '金平区', 1),
(802, 88, '濠江区', 1),
(803, 88, '潮南区', 1),
(804, 89, '城区', 1),
(805, 89, '陆丰市', 1),
(806, 89, '海丰县', 1),
(807, 89, '陆河县', 1),
(808, 90, '曲江县', 1),
(809, 90, '浈江区', 1),
(810, 90, '武江区', 1),
(811, 90, '曲江区', 1),
(812, 90, '乐昌市', 1),
(813, 90, '南雄市', 1),
(814, 90, '始兴县', 1),
(815, 90, '仁化县', 1),
(816, 90, '翁源县', 1),
(817, 90, '新丰县', 1),
(818, 90, '乳源', 1),
(819, 91, '江城区', 1),
(820, 91, '阳春市', 1),
(821, 91, '阳西县', 1),
(822, 91, '阳东县', 1),
(823, 92, '云城区', 1),
(824, 92, '罗定市', 1),
(825, 92, '新兴县', 1),
(826, 92, '郁南县', 1),
(827, 92, '云安县', 1),
(828, 93, '赤坎区', 1),
(829, 93, '霞山区', 1),
(830, 93, '坡头区', 1),
(831, 93, '麻章区', 1),
(832, 93, '廉江市', 1),
(833, 93, '雷州市', 1),
(834, 93, '吴川市', 1),
(835, 93, '遂溪县', 1),
(836, 93, '徐闻县', 1),
(837, 94, '肇庆市', 1),
(838, 94, '高要市', 1),
(839, 94, '四会市', 1),
(840, 94, '广宁县', 1),
(841, 94, '怀集县', 1),
(842, 94, '封开县', 1),
(843, 94, '德庆县', 1),
(844, 95, '石岐街道', 1),
(845, 95, '东区街道', 1),
(846, 95, '西区街道', 1),
(847, 95, '环城街道', 1),
(848, 95, '中山港街道', 1),
(849, 95, '五桂山街道', 1),
(850, 96, '香洲区', 1),
(851, 96, '斗门区', 1),
(852, 96, '金湾区', 1),
(853, 97, '邕宁区', 1),
(854, 97, '青秀区', 1),
(855, 97, '兴宁区', 1),
(856, 97, '良庆区', 1),
(857, 97, '西乡塘区', 1),
(858, 97, '江南区', 1),
(859, 97, '武鸣县', 1),
(860, 97, '隆安县', 1),
(861, 97, '马山县', 1),
(862, 97, '上林县', 1),
(863, 97, '宾阳县', 1),
(864, 97, '横县', 1),
(865, 98, '秀峰区', 1),
(866, 98, '叠彩区', 1),
(867, 98, '象山区', 1),
(868, 98, '七星区', 1),
(869, 98, '雁山区', 1),
(870, 98, '阳朔县', 1),
(871, 98, '临桂县', 1),
(872, 98, '灵川县', 1),
(873, 98, '全州县', 1),
(874, 98, '平乐县', 1),
(875, 98, '兴安县', 1),
(876, 98, '灌阳县', 1),
(877, 98, '荔浦县', 1),
(878, 98, '资源县', 1),
(879, 98, '永福县', 1),
(880, 98, '龙胜', 1),
(881, 98, '恭城', 1),
(882, 99, '右江区', 1),
(883, 99, '凌云县', 1),
(884, 99, '平果县', 1),
(885, 99, '西林县', 1),
(886, 99, '乐业县', 1),
(887, 99, '德保县', 1),
(888, 99, '田林县', 1),
(889, 99, '田阳县', 1),
(890, 99, '靖西县', 1),
(891, 99, '田东县', 1),
(892, 99, '那坡县', 1),
(893, 99, '隆林', 1),
(894, 100, '海城区', 1),
(895, 100, '银海区', 1),
(896, 100, '铁山港区', 1),
(897, 100, '合浦县', 1),
(898, 101, '江州区', 1),
(899, 101, '凭祥市', 1),
(900, 101, '宁明县', 1),
(901, 101, '扶绥县', 1),
(902, 101, '龙州县', 1),
(903, 101, '大新县', 1),
(904, 101, '天等县', 1),
(905, 102, '港口区', 1),
(906, 102, '防城区', 1),
(907, 102, '东兴市', 1),
(908, 102, '上思县', 1),
(909, 103, '港北区', 1),
(910, 103, '港南区', 1),
(911, 103, '覃塘区', 1),
(912, 103, '桂平市', 1),
(913, 103, '平南县', 1),
(914, 104, '金城江区', 1),
(915, 104, '宜州市', 1),
(916, 104, '天峨县', 1),
(917, 104, '凤山县', 1),
(918, 104, '南丹县', 1),
(919, 104, '东兰县', 1),
(920, 104, '都安', 1),
(921, 104, '罗城', 1),
(922, 104, '巴马', 1),
(923, 104, '环江', 1),
(924, 104, '大化', 1),
(925, 105, '八步区', 1),
(926, 105, '钟山县', 1),
(927, 105, '昭平县', 1),
(928, 105, '富川', 1),
(929, 106, '兴宾区', 1),
(930, 106, '合山市', 1),
(931, 106, '象州县', 1),
(932, 106, '武宣县', 1),
(933, 106, '忻城县', 1),
(934, 106, '金秀', 1),
(935, 107, '城中区', 1),
(936, 107, '鱼峰区', 1),
(937, 107, '柳北区', 1),
(938, 107, '柳南区', 1),
(939, 107, '柳江县', 1),
(940, 107, '柳城县', 1),
(941, 107, '鹿寨县', 1),
(942, 107, '融安县', 1),
(943, 107, '融水', 1),
(944, 107, '三江', 1),
(945, 108, '钦南区', 1),
(946, 108, '钦北区', 1),
(947, 108, '灵山县', 1),
(948, 108, '浦北县', 1),
(949, 109, '万秀区', 1),
(950, 109, '蝶山区', 1),
(951, 109, '长洲区', 1),
(952, 109, '岑溪市', 1),
(953, 109, '苍梧县', 1),
(954, 109, '藤县', 1),
(955, 109, '蒙山县', 1),
(956, 110, '玉州区', 1),
(957, 110, '北流市', 1),
(958, 110, '容县', 1),
(959, 110, '陆川县', 1),
(960, 110, '博白县', 1),
(961, 110, '兴业县', 1),
(962, 111, '南明区', 1),
(963, 111, '云岩区', 1),
(964, 111, '花溪区', 1),
(965, 111, '乌当区', 1),
(966, 111, '白云区', 1),
(967, 111, '小河区', 1),
(968, 111, '金阳新区', 1),
(969, 111, '新天园区', 1),
(970, 111, '清镇市', 1),
(971, 111, '开阳县', 1),
(972, 111, '修文县', 1),
(973, 111, '息烽县', 1),
(974, 112, '西秀区', 1),
(975, 112, '关岭', 1),
(976, 112, '镇宁', 1),
(977, 112, '紫云', 1),
(978, 112, '平坝县', 1),
(979, 112, '普定县', 1),
(980, 113, '毕节市', 1),
(981, 113, '大方县', 1),
(982, 113, '黔西县', 1),
(983, 113, '金沙县', 1),
(984, 113, '织金县', 1),
(985, 113, '纳雍县', 1),
(986, 113, '赫章县', 1),
(987, 113, '威宁', 1),
(988, 114, '钟山区', 1),
(989, 114, '六枝特区', 1),
(990, 114, '水城县', 1),
(991, 114, '盘县', 1),
(992, 115, '凯里市', 1),
(993, 115, '黄平县', 1),
(994, 115, '施秉县', 1),
(995, 115, '三穗县', 1),
(996, 115, '镇远县', 1),
(997, 115, '岑巩县', 1),
(998, 115, '天柱县', 1),
(999, 115, '锦屏县', 1),
(1000, 115, '剑河县', 1),
(1001, 115, '台江县', 1),
(1002, 115, '黎平县', 1),
(1003, 115, '榕江县', 1),
(1004, 115, '从江县', 1),
(1005, 115, '雷山县', 1),
(1006, 115, '麻江县', 1),
(1007, 115, '丹寨县', 1),
(1008, 116, '都匀市', 1),
(1009, 116, '福泉市', 1),
(1010, 116, '荔波县', 1),
(1011, 116, '贵定县', 1),
(1012, 116, '瓮安县', 1),
(1013, 116, '独山县', 1),
(1014, 116, '平塘县', 1),
(1015, 116, '罗甸县', 1),
(1016, 116, '长顺县', 1),
(1017, 116, '龙里县', 1),
(1018, 116, '惠水县', 1),
(1019, 116, '三都', 1),
(1020, 117, '兴义市', 1),
(1021, 117, '兴仁县', 1),
(1022, 117, '普安县', 1),
(1023, 117, '晴隆县', 1),
(1024, 117, '贞丰县', 1),
(1025, 117, '望谟县', 1),
(1026, 117, '册亨县', 1),
(1027, 117, '安龙县', 1),
(1028, 118, '铜仁市', 1),
(1029, 118, '江口县', 1),
(1030, 118, '石阡县', 1),
(1031, 118, '思南县', 1),
(1032, 118, '德江县', 1),
(1033, 118, '玉屏', 1),
(1034, 118, '印江', 1),
(1035, 118, '沿河', 1),
(1036, 118, '松桃', 1),
(1037, 118, '万山特区', 1),
(1038, 119, '红花岗区', 1),
(1039, 119, '务川县', 1),
(1040, 119, '道真县', 1),
(1041, 119, '汇川区', 1),
(1042, 119, '赤水市', 1),
(1043, 119, '仁怀市', 1),
(1044, 119, '遵义县', 1),
(1045, 119, '桐梓县', 1),
(1046, 119, '绥阳县', 1),
(1047, 119, '正安县', 1),
(1048, 119, '凤冈县', 1),
(1049, 119, '湄潭县', 1),
(1050, 119, '余庆县', 1),
(1051, 119, '习水县', 1),
(1052, 119, '道真', 1),
(1053, 119, '务川', 1),
(1054, 120, '秀英区', 1),
(1055, 120, '龙华区', 1),
(1056, 120, '琼山区', 1),
(1057, 120, '美兰区', 1),
(1058, 137, '市区', 1),
(1059, 137, '洋浦开发区', 1),
(1060, 137, '那大镇', 1),
(1061, 137, '王五镇', 1),
(1062, 137, '雅星镇', 1),
(1063, 137, '大成镇', 1),
(1064, 137, '中和镇', 1),
(1065, 137, '峨蔓镇', 1),
(1066, 137, '南丰镇', 1),
(1067, 137, '白马井镇', 1),
(1068, 137, '兰洋镇', 1),
(1069, 137, '和庆镇', 1),
(1070, 137, '海头镇', 1),
(1071, 137, '排浦镇', 1),
(1072, 137, '东成镇', 1),
(1073, 137, '光村镇', 1),
(1074, 137, '木棠镇', 1),
(1075, 137, '新州镇', 1),
(1076, 137, '三都镇', 1),
(1077, 137, '其他', 1),
(1078, 138, '长安区', 1),
(1079, 138, '桥东区', 1),
(1080, 138, '桥西区', 1),
(1081, 138, '新华区', 1),
(1082, 138, '裕华区', 1),
(1083, 138, '井陉矿区', 1),
(1084, 138, '高新区', 1),
(1085, 138, '辛集市', 1),
(1086, 138, '藁城市', 1),
(1087, 138, '晋州市', 1),
(1088, 138, '新乐市', 1),
(1089, 138, '鹿泉市', 1),
(1090, 138, '井陉县', 1),
(1091, 138, '正定县', 1),
(1092, 138, '栾城县', 1),
(1093, 138, '行唐县', 1),
(1094, 138, '灵寿县', 1),
(1095, 138, '高邑县', 1),
(1096, 138, '深泽县', 1),
(1097, 138, '赞皇县', 1),
(1098, 138, '无极县', 1),
(1099, 138, '平山县', 1),
(1100, 138, '元氏县', 1),
(1101, 138, '赵县', 1),
(1102, 139, '新市区', 1),
(1103, 139, '南市区', 1),
(1104, 139, '北市区', 1),
(1105, 139, '涿州市', 1),
(1106, 139, '定州市', 1),
(1107, 139, '安国市', 1),
(1108, 139, '高碑店市', 1),
(1109, 139, '满城县', 1),
(1110, 139, '清苑县', 1),
(1111, 139, '涞水县', 1),
(1112, 139, '阜平县', 1),
(1113, 139, '徐水县', 1),
(1114, 139, '定兴县', 1),
(1115, 139, '唐县', 1),
(1116, 139, '高阳县', 1),
(1117, 139, '容城县', 1),
(1118, 139, '涞源县', 1),
(1119, 139, '望都县', 1),
(1120, 139, '安新县', 1),
(1121, 139, '易县', 1),
(1122, 139, '曲阳县', 1),
(1123, 139, '蠡县', 1),
(1124, 139, '顺平县', 1),
(1125, 139, '博野县', 1),
(1126, 139, '雄县', 1),
(1127, 140, '运河区', 1),
(1128, 140, '新华区', 1),
(1129, 140, '泊头市', 1),
(1130, 140, '任丘市', 1),
(1131, 140, '黄骅市', 1),
(1132, 140, '河间市', 1),
(1133, 140, '沧县', 1),
(1134, 140, '青县', 1),
(1135, 140, '东光县', 1),
(1136, 140, '海兴县', 1),
(1137, 140, '盐山县', 1),
(1138, 140, '肃宁县', 1),
(1139, 140, '南皮县', 1),
(1140, 140, '吴桥县', 1),
(1141, 140, '献县', 1),
(1142, 140, '孟村', 1),
(1143, 141, '双桥区', 1),
(1144, 141, '双滦区', 1),
(1145, 141, '鹰手营子矿区', 1),
(1146, 141, '承德县', 1),
(1147, 141, '兴隆县', 1),
(1148, 141, '平泉县', 1),
(1149, 141, '滦平县', 1),
(1150, 141, '隆化县', 1),
(1151, 141, '丰宁', 1),
(1152, 141, '宽城', 1),
(1153, 141, '围场', 1),
(1154, 142, '从台区', 1),
(1155, 142, '复兴区', 1),
(1156, 142, '邯山区', 1),
(1157, 142, '峰峰矿区', 1),
(1158, 142, '武安市', 1),
(1159, 142, '邯郸县', 1),
(1160, 142, '临漳县', 1),
(1161, 142, '成安县', 1),
(1162, 142, '大名县', 1),
(1163, 142, '涉县', 1),
(1164, 142, '磁县', 1),
(1165, 142, '肥乡县', 1),
(1166, 142, '永年县', 1),
(1167, 142, '邱县', 1),
(1168, 142, '鸡泽县', 1),
(1169, 142, '广平县', 1),
(1170, 142, '馆陶县', 1),
(1171, 142, '魏县', 1),
(1172, 142, '曲周县', 1),
(1173, 143, '桃城区', 1),
(1174, 143, '冀州市', 1),
(1175, 143, '深州市', 1),
(1176, 143, '枣强县', 1),
(1177, 143, '武邑县', 1),
(1178, 143, '武强县', 1),
(1179, 143, '饶阳县', 1),
(1180, 143, '安平县', 1),
(1181, 143, '故城县', 1),
(1182, 143, '景县', 1),
(1183, 143, '阜城县', 1),
(1184, 144, '安次区', 1),
(1185, 144, '广阳区', 1),
(1186, 144, '霸州市', 1),
(1187, 144, '三河市', 1),
(1188, 144, '固安县', 1),
(1189, 144, '永清县', 1),
(1190, 144, '香河县', 1),
(1191, 144, '大城县', 1),
(1192, 144, '文安县', 1),
(1193, 144, '大厂', 1),
(1194, 145, '海港区', 1),
(1195, 145, '山海关区', 1),
(1196, 145, '北戴河区', 1),
(1197, 145, '昌黎县', 1),
(1198, 145, '抚宁县', 1),
(1199, 145, '卢龙县', 1),
(1200, 145, '青龙', 1),
(1201, 146, '路北区', 1),
(1202, 146, '路南区', 1),
(1203, 146, '古冶区', 1),
(1204, 146, '开平区', 1),
(1205, 146, '丰南区', 1),
(1206, 146, '丰润区', 1),
(1207, 146, '遵化市', 1),
(1208, 146, '迁安市', 1),
(1209, 146, '滦县', 1),
(1210, 146, '滦南县', 1),
(1211, 146, '乐亭县', 1),
(1212, 146, '迁西县', 1),
(1213, 146, '玉田县', 1),
(1214, 146, '唐海县', 1),
(1215, 147, '桥东区', 1),
(1216, 147, '桥西区', 1),
(1217, 147, '南宫市', 1),
(1218, 147, '沙河市', 1),
(1219, 147, '邢台县', 1),
(1220, 147, '临城县', 1),
(1221, 147, '内丘县', 1),
(1222, 147, '柏乡县', 1),
(1223, 147, '隆尧县', 1),
(1224, 147, '任县', 1),
(1225, 147, '南和县', 1),
(1226, 147, '宁晋县', 1),
(1227, 147, '巨鹿县', 1),
(1228, 147, '新河县', 1),
(1229, 147, '广宗县', 1),
(1230, 147, '平乡县', 1),
(1231, 147, '威县', 1),
(1232, 147, '清河县', 1),
(1233, 147, '临西县', 1),
(1234, 148, '桥西区', 1),
(1235, 148, '桥东区', 1),
(1236, 148, '宣化区', 1),
(1237, 148, '下花园区', 1),
(1238, 148, '宣化县', 1),
(1239, 148, '张北县', 1),
(1240, 148, '康保县', 1),
(1241, 148, '沽源县', 1),
(1242, 148, '尚义县', 1),
(1243, 148, '蔚县', 1),
(1244, 148, '阳原县', 1),
(1245, 148, '怀安县', 1),
(1246, 148, '万全县', 1),
(1247, 148, '怀来县', 1),
(1248, 148, '涿鹿县', 1),
(1249, 148, '赤城县', 1),
(1250, 148, '崇礼县', 1),
(1251, 149, '金水区', 1),
(1252, 149, '邙山区', 1),
(1253, 149, '二七区', 1),
(1254, 149, '管城区', 1),
(1255, 149, '中原区', 1),
(1256, 149, '上街区', 1),
(1257, 149, '惠济区', 1),
(1258, 149, '郑东新区', 1),
(1259, 149, '经济技术开发区', 1),
(1260, 149, '高新开发区', 1),
(1261, 149, '出口加工区', 1),
(1262, 149, '巩义市', 1),
(1263, 149, '荥阳市', 1),
(1264, 149, '新密市', 1),
(1265, 149, '新郑市', 1),
(1266, 149, '登封市', 1),
(1267, 149, '中牟县', 1),
(1268, 150, '西工区', 1),
(1269, 150, '老城区', 1),
(1270, 150, '涧西区', 1),
(1271, 150, '瀍河回族区', 1),
(1272, 150, '洛龙区', 1),
(1273, 150, '吉利区', 1),
(1274, 150, '偃师市', 1),
(1275, 150, '孟津县', 1),
(1276, 150, '新安县', 1),
(1277, 150, '栾川县', 1),
(1278, 150, '嵩县', 1),
(1279, 150, '汝阳县', 1),
(1280, 150, '宜阳县', 1),
(1281, 150, '洛宁县', 1),
(1282, 150, '伊川县', 1),
(1283, 151, '鼓楼区', 1),
(1284, 151, '龙亭区', 1),
(1285, 151, '顺河回族区', 1),
(1286, 151, '金明区', 1),
(1287, 151, '禹王台区', 1),
(1288, 151, '杞县', 1),
(1289, 151, '通许县', 1),
(1290, 151, '尉氏县', 1),
(1291, 151, '开封县', 1),
(1292, 151, '兰考县', 1),
(1293, 152, '北关区', 1),
(1294, 152, '文峰区', 1),
(1295, 152, '殷都区', 1),
(1296, 152, '龙安区', 1),
(1297, 152, '林州市', 1),
(1298, 152, '安阳县', 1),
(1299, 152, '汤阴县', 1),
(1300, 152, '滑县', 1),
(1301, 152, '内黄县', 1),
(1302, 153, '淇滨区', 1),
(1303, 153, '山城区', 1),
(1304, 153, '鹤山区', 1),
(1305, 153, '浚县', 1),
(1306, 153, '淇县', 1),
(1307, 154, '济源市', 1),
(1308, 155, '解放区', 1),
(1309, 155, '中站区', 1),
(1310, 155, '马村区', 1),
(1311, 155, '山阳区', 1),
(1312, 155, '沁阳市', 1),
(1313, 155, '孟州市', 1),
(1314, 155, '修武县', 1),
(1315, 155, '博爱县', 1),
(1316, 155, '武陟县', 1),
(1317, 155, '温县', 1),
(1318, 156, '卧龙区', 1),
(1319, 156, '宛城区', 1),
(1320, 156, '邓州市', 1),
(1321, 156, '南召县', 1),
(1322, 156, '方城县', 1),
(1323, 156, '西峡县', 1),
(1324, 156, '镇平县', 1),
(1325, 156, '内乡县', 1),
(1326, 156, '淅川县', 1),
(1327, 156, '社旗县', 1),
(1328, 156, '唐河县', 1),
(1329, 156, '新野县', 1),
(1330, 156, '桐柏县', 1),
(1331, 157, '新华区', 1),
(1332, 157, '卫东区', 1),
(1333, 157, '湛河区', 1),
(1334, 157, '石龙区', 1),
(1335, 157, '舞钢市', 1),
(1336, 157, '汝州市', 1),
(1337, 157, '宝丰县', 1),
(1338, 157, '叶县', 1),
(1339, 157, '鲁山县', 1),
(1340, 157, '郏县', 1),
(1341, 158, '湖滨区', 1),
(1342, 158, '义马市', 1),
(1343, 158, '灵宝市', 1),
(1344, 158, '渑池县', 1),
(1345, 158, '陕县', 1),
(1346, 158, '卢氏县', 1),
(1347, 159, '梁园区', 1),
(1348, 159, '睢阳区', 1),
(1349, 159, '永城市', 1),
(1350, 159, '民权县', 1),
(1351, 159, '睢县', 1),
(1352, 159, '宁陵县', 1),
(1353, 159, '虞城县', 1),
(1354, 159, '柘城县', 1),
(1355, 159, '夏邑县', 1),
(1356, 160, '卫滨区', 1),
(1357, 160, '红旗区', 1),
(1358, 160, '凤泉区', 1),
(1359, 160, '牧野区', 1),
(1360, 160, '卫辉市', 1),
(1361, 160, '辉县市', 1),
(1362, 160, '新乡县', 1),
(1363, 160, '获嘉县', 1),
(1364, 160, '原阳县', 1),
(1365, 160, '延津县', 1),
(1366, 160, '封丘县', 1),
(1367, 160, '长垣县', 1),
(1368, 161, '浉河区', 1),
(1369, 161, '平桥区', 1),
(1370, 161, '罗山县', 1),
(1371, 161, '光山县', 1),
(1372, 161, '新县', 1),
(1373, 161, '商城县', 1),
(1374, 161, '固始县', 1),
(1375, 161, '潢川县', 1),
(1376, 161, '淮滨县', 1),
(1377, 161, '息县', 1),
(1378, 162, '魏都区', 1),
(1379, 162, '禹州市', 1),
(1380, 162, '长葛市', 1),
(1381, 162, '许昌县', 1),
(1382, 162, '鄢陵县', 1),
(1383, 162, '襄城县', 1),
(1384, 163, '川汇区', 1),
(1385, 163, '项城市', 1),
(1386, 163, '扶沟县', 1),
(1387, 163, '西华县', 1),
(1388, 163, '商水县', 1),
(1389, 163, '沈丘县', 1),
(1390, 163, '郸城县', 1),
(1391, 163, '淮阳县', 1),
(1392, 163, '太康县', 1),
(1393, 163, '鹿邑县', 1),
(1394, 164, '驿城区', 1),
(1395, 164, '西平县', 1),
(1396, 164, '上蔡县', 1),
(1397, 164, '平舆县', 1),
(1398, 164, '正阳县', 1),
(1399, 164, '确山县', 1),
(1400, 164, '泌阳县', 1),
(1401, 164, '汝南县', 1),
(1402, 164, '遂平县', 1),
(1403, 164, '新蔡县', 1),
(1404, 165, '郾城区', 1),
(1405, 165, '源汇区', 1),
(1406, 165, '召陵区', 1),
(1407, 165, '舞阳县', 1),
(1408, 165, '临颍县', 1),
(1409, 166, '华龙区', 1),
(1410, 166, '清丰县', 1),
(1411, 166, '南乐县', 1),
(1412, 166, '范县', 1),
(1413, 166, '台前县', 1),
(1414, 166, '濮阳县', 1),
(1415, 167, '道里区', 1),
(1416, 167, '南岗区', 1),
(1417, 167, '动力区', 1),
(1418, 167, '平房区', 1),
(1419, 167, '香坊区', 1),
(1420, 167, '太平区', 1),
(1421, 167, '道外区', 1),
(1422, 167, '阿城区', 1),
(1423, 167, '呼兰区', 1),
(1424, 167, '松北区', 1),
(1425, 167, '尚志市', 1),
(1426, 167, '双城市', 1),
(1427, 167, '五常市', 1),
(1428, 167, '方正县', 1),
(1429, 167, '宾县', 1),
(1430, 167, '依兰县', 1),
(1431, 167, '巴彦县', 1),
(1432, 167, '通河县', 1),
(1433, 167, '木兰县', 1),
(1434, 167, '延寿县', 1),
(1435, 168, '萨尔图区', 1),
(1436, 168, '红岗区', 1),
(1437, 168, '龙凤区', 1),
(1438, 168, '让胡路区', 1),
(1439, 168, '大同区', 1),
(1440, 168, '肇州县', 1),
(1441, 168, '肇源县', 1),
(1442, 168, '林甸县', 1),
(1443, 168, '杜尔伯特', 1),
(1444, 169, '呼玛县', 1),
(1445, 169, '漠河县', 1),
(1446, 169, '塔河县', 1),
(1447, 170, '兴山区', 1),
(1448, 170, '工农区', 1),
(1449, 170, '南山区', 1),
(1450, 170, '兴安区', 1),
(1451, 170, '向阳区', 1),
(1452, 170, '东山区', 1),
(1453, 170, '萝北县', 1),
(1454, 170, '绥滨县', 1),
(1455, 171, '爱辉区', 1),
(1456, 171, '五大连池市', 1),
(1457, 171, '北安市', 1),
(1458, 171, '嫩江县', 1),
(1459, 171, '逊克县', 1),
(1460, 171, '孙吴县', 1),
(1461, 172, '鸡冠区', 1),
(1462, 172, '恒山区', 1),
(1463, 172, '城子河区', 1),
(1464, 172, '滴道区', 1),
(1465, 172, '梨树区', 1),
(1466, 172, '虎林市', 1),
(1467, 172, '密山市', 1),
(1468, 172, '鸡东县', 1),
(1469, 173, '前进区', 1),
(1470, 173, '郊区', 1),
(1471, 173, '向阳区', 1),
(1472, 173, '东风区', 1),
(1473, 173, '同江市', 1),
(1474, 173, '富锦市', 1),
(1475, 173, '桦南县', 1),
(1476, 173, '桦川县', 1),
(1477, 173, '汤原县', 1),
(1478, 173, '抚远县', 1),
(1479, 174, '爱民区', 1),
(1480, 174, '东安区', 1),
(1481, 174, '阳明区', 1),
(1482, 174, '西安区', 1),
(1483, 174, '绥芬河市', 1),
(1484, 174, '海林市', 1),
(1485, 174, '宁安市', 1),
(1486, 174, '穆棱市', 1),
(1487, 174, '东宁县', 1),
(1488, 174, '林口县', 1),
(1489, 175, '桃山区', 1),
(1490, 175, '新兴区', 1),
(1491, 175, '茄子河区', 1),
(1492, 175, '勃利县', 1),
(1493, 176, '龙沙区', 1),
(1494, 176, '昂昂溪区', 1),
(1495, 176, '铁峰区', 1),
(1496, 176, '建华区', 1),
(1497, 176, '富拉尔基区', 1),
(1498, 176, '碾子山区', 1),
(1499, 176, '梅里斯达斡尔区', 1),
(1500, 176, '讷河市', 1),
(1501, 176, '龙江县', 1),
(1502, 176, '依安县', 1),
(1503, 176, '泰来县', 1),
(1504, 176, '甘南县', 1),
(1505, 176, '富裕县', 1),
(1506, 176, '克山县', 1),
(1507, 176, '克东县', 1),
(1508, 176, '拜泉县', 1),
(1509, 177, '尖山区', 1),
(1510, 177, '岭东区', 1),
(1511, 177, '四方台区', 1),
(1512, 177, '宝山区', 1),
(1513, 177, '集贤县', 1),
(1514, 177, '友谊县', 1),
(1515, 177, '宝清县', 1),
(1516, 177, '饶河县', 1),
(1517, 178, '北林区', 1),
(1518, 178, '安达市', 1),
(1519, 178, '肇东市', 1),
(1520, 178, '海伦市', 1),
(1521, 178, '望奎县', 1),
(1522, 178, '兰西县', 1),
(1523, 178, '青冈县', 1),
(1524, 178, '庆安县', 1),
(1525, 178, '明水县', 1),
(1526, 178, '绥棱县', 1),
(1527, 179, '伊春区', 1),
(1528, 179, '带岭区', 1),
(1529, 179, '南岔区', 1),
(1530, 179, '金山屯区', 1),
(1531, 179, '西林区', 1),
(1532, 179, '美溪区', 1),
(1533, 179, '乌马河区', 1),
(1534, 179, '翠峦区', 1),
(1535, 179, '友好区', 1),
(1536, 179, '上甘岭区', 1),
(1537, 179, '五营区', 1),
(1538, 179, '红星区', 1),
(1539, 179, '新青区', 1),
(1540, 179, '汤旺河区', 1),
(1541, 179, '乌伊岭区', 1),
(1542, 179, '铁力市', 1),
(1543, 179, '嘉荫县', 1),
(1544, 180, '江岸区', 1),
(1545, 180, '武昌区', 1),
(1546, 180, '江汉区', 1),
(1547, 180, '硚口区', 1),
(1548, 180, '汉阳区', 1),
(1549, 180, '青山区', 1),
(1550, 180, '洪山区', 1),
(1551, 180, '东西湖区', 1),
(1552, 180, '汉南区', 1),
(1553, 180, '蔡甸区', 1),
(1554, 180, '江夏区', 1),
(1555, 180, '黄陂区', 1),
(1556, 180, '新洲区', 1),
(1557, 180, '经济开发区', 1),
(1558, 181, '仙桃市', 1),
(1559, 182, '鄂城区', 1),
(1560, 182, '华容区', 1),
(1561, 182, '梁子湖区', 1),
(1562, 183, '黄州区', 1),
(1563, 183, '麻城市', 1),
(1564, 183, '武穴市', 1),
(1565, 183, '团风县', 1),
(1566, 183, '红安县', 1),
(1567, 183, '罗田县', 1),
(1568, 183, '英山县', 1),
(1569, 183, '浠水县', 1),
(1570, 183, '蕲春县', 1),
(1571, 183, '黄梅县', 1),
(1572, 184, '黄石港区', 1),
(1573, 184, '西塞山区', 1),
(1574, 184, '下陆区', 1),
(1575, 184, '铁山区', 1),
(1576, 184, '大冶市', 1),
(1577, 184, '阳新县', 1),
(1578, 185, '东宝区', 1),
(1579, 185, '掇刀区', 1),
(1580, 185, '钟祥市', 1),
(1581, 185, '京山县', 1),
(1582, 185, '沙洋县', 1),
(1583, 186, '沙市区', 1),
(1584, 186, '荆州区', 1),
(1585, 186, '石首市', 1),
(1586, 186, '洪湖市', 1),
(1587, 186, '松滋市', 1),
(1588, 186, '公安县', 1),
(1589, 186, '监利县', 1),
(1590, 186, '江陵县', 1),
(1591, 187, '潜江市', 1),
(1592, 188, '神农架林区', 1),
(1593, 189, '张湾区', 1),
(1594, 189, '茅箭区', 1),
(1595, 189, '丹江口市', 1),
(1596, 189, '郧县', 1),
(1597, 189, '郧西县', 1),
(1598, 189, '竹山县', 1),
(1599, 189, '竹溪县', 1),
(1600, 189, '房县', 1),
(1601, 190, '曾都区', 1),
(1602, 190, '广水市', 1),
(1603, 191, '天门市', 1),
(1604, 192, '咸安区', 1),
(1605, 192, '赤壁市', 1),
(1606, 192, '嘉鱼县', 1),
(1607, 192, '通城县', 1),
(1608, 192, '崇阳县', 1),
(1609, 192, '通山县', 1),
(1610, 193, '襄城区', 1),
(1611, 193, '樊城区', 1),
(1612, 193, '襄阳区', 1),
(1613, 193, '老河口市', 1),
(1614, 193, '枣阳市', 1),
(1615, 193, '宜城市', 1),
(1616, 193, '南漳县', 1),
(1617, 193, '谷城县', 1),
(1618, 193, '保康县', 1),
(1619, 194, '孝南区', 1),
(1620, 194, '应城市', 1),
(1621, 194, '安陆市', 1),
(1622, 194, '汉川市', 1),
(1623, 194, '孝昌县', 1),
(1624, 194, '大悟县', 1),
(1625, 194, '云梦县', 1),
(1626, 195, '长阳', 1),
(1627, 195, '五峰', 1),
(1628, 195, '西陵区', 1),
(1629, 195, '伍家岗区', 1),
(1630, 195, '点军区', 1),
(1631, 195, '猇亭区', 1),
(1632, 195, '夷陵区', 1),
(1633, 195, '宜都市', 1),
(1634, 195, '当阳市', 1),
(1635, 195, '枝江市', 1),
(1636, 195, '远安县', 1),
(1637, 195, '兴山县', 1),
(1638, 195, '秭归县', 1),
(1639, 196, '恩施市', 1),
(1640, 196, '利川市', 1),
(1641, 196, '建始县', 1),
(1642, 196, '巴东县', 1),
(1643, 196, '宣恩县', 1),
(1644, 196, '咸丰县', 1),
(1645, 196, '来凤县', 1),
(1646, 196, '鹤峰县', 1),
(1647, 197, '岳麓区', 1),
(1648, 197, '芙蓉区', 1),
(1649, 197, '天心区', 1),
(1650, 197, '开福区', 1),
(1651, 197, '雨花区', 1),
(1652, 197, '开发区', 1),
(1653, 197, '浏阳市', 1),
(1654, 197, '长沙县', 1),
(1655, 197, '望城县', 1),
(1656, 197, '宁乡县', 1),
(1657, 198, '永定区', 1),
(1658, 198, '武陵源区', 1),
(1659, 198, '慈利县', 1),
(1660, 198, '桑植县', 1),
(1661, 199, '武陵区', 1),
(1662, 199, '鼎城区', 1),
(1663, 199, '津市市', 1),
(1664, 199, '安乡县', 1),
(1665, 199, '汉寿县', 1),
(1666, 199, '澧县', 1),
(1667, 199, '临澧县', 1),
(1668, 199, '桃源县', 1),
(1669, 199, '石门县', 1),
(1670, 200, '北湖区', 1),
(1671, 200, '苏仙区', 1),
(1672, 200, '资兴市', 1),
(1673, 200, '桂阳县', 1),
(1674, 200, '宜章县', 1),
(1675, 200, '永兴县', 1),
(1676, 200, '嘉禾县', 1),
(1677, 200, '临武县', 1),
(1678, 200, '汝城县', 1),
(1679, 200, '桂东县', 1),
(1680, 200, '安仁县', 1),
(1681, 201, '雁峰区', 1),
(1682, 201, '珠晖区', 1),
(1683, 201, '石鼓区', 1),
(1684, 201, '蒸湘区', 1),
(1685, 201, '南岳区', 1),
(1686, 201, '耒阳市', 1),
(1687, 201, '常宁市', 1),
(1688, 201, '衡阳县', 1),
(1689, 201, '衡南县', 1),
(1690, 201, '衡山县', 1),
(1691, 201, '衡东县', 1),
(1692, 201, '祁东县', 1),
(1693, 202, '鹤城区', 1),
(1694, 202, '靖州', 1),
(1695, 202, '麻阳', 1),
(1696, 202, '通道', 1),
(1697, 202, '新晃', 1),
(1698, 202, '芷江', 1),
(1699, 202, '沅陵县', 1),
(1700, 202, '辰溪县', 1),
(1701, 202, '溆浦县', 1),
(1702, 202, '中方县', 1),
(1703, 202, '会同县', 1),
(1704, 202, '洪江市', 1),
(1705, 203, '娄星区', 1),
(1706, 203, '冷水江市', 1),
(1707, 203, '涟源市', 1),
(1708, 203, '双峰县', 1),
(1709, 203, '新化县', 1),
(1710, 204, '城步', 1),
(1711, 204, '双清区', 1),
(1712, 204, '大祥区', 1),
(1713, 204, '北塔区', 1),
(1714, 204, '武冈市', 1),
(1715, 204, '邵东县', 1),
(1716, 204, '新邵县', 1),
(1717, 204, '邵阳县', 1),
(1718, 204, '隆回县', 1),
(1719, 204, '洞口县', 1),
(1720, 204, '绥宁县', 1),
(1721, 204, '新宁县', 1),
(1722, 205, '岳塘区', 1),
(1723, 205, '雨湖区', 1),
(1724, 205, '湘乡市', 1),
(1725, 205, '韶山市', 1),
(1726, 205, '湘潭县', 1),
(1727, 206, '吉首市', 1),
(1728, 206, '泸溪县', 1),
(1729, 206, '凤凰县', 1),
(1730, 206, '花垣县', 1),
(1731, 206, '保靖县', 1),
(1732, 206, '古丈县', 1),
(1733, 206, '永顺县', 1),
(1734, 206, '龙山县', 1),
(1735, 207, '赫山区', 1),
(1736, 207, '资阳区', 1),
(1737, 207, '沅江市', 1),
(1738, 207, '南县', 1),
(1739, 207, '桃江县', 1),
(1740, 207, '安化县', 1),
(1741, 208, '江华', 1),
(1742, 208, '冷水滩区', 1),
(1743, 208, '零陵区', 1),
(1744, 208, '祁阳县', 1),
(1745, 208, '东安县', 1),
(1746, 208, '双牌县', 1),
(1747, 208, '道县', 1),
(1748, 208, '江永县', 1),
(1749, 208, '宁远县', 1),
(1750, 208, '蓝山县', 1),
(1751, 208, '新田县', 1),
(1752, 209, '岳阳楼区', 1),
(1753, 209, '君山区', 1),
(1754, 209, '云溪区', 1),
(1755, 209, '汨罗市', 1),
(1756, 209, '临湘市', 1),
(1757, 209, '岳阳县', 1),
(1758, 209, '华容县', 1),
(1759, 209, '湘阴县', 1),
(1760, 209, '平江县', 1),
(1761, 210, '天元区', 1),
(1762, 210, '荷塘区', 1),
(1763, 210, '芦淞区', 1),
(1764, 210, '石峰区', 1),
(1765, 210, '醴陵市', 1),
(1766, 210, '株洲县', 1),
(1767, 210, '攸县', 1),
(1768, 210, '茶陵县', 1),
(1769, 210, '炎陵县', 1),
(1770, 211, '朝阳区', 1),
(1771, 211, '宽城区', 1),
(1772, 211, '二道区', 1),
(1773, 211, '南关区', 1),
(1774, 211, '绿园区', 1),
(1775, 211, '双阳区', 1),
(1776, 211, '净月潭开发区', 1),
(1777, 211, '高新技术开发区', 1),
(1778, 211, '经济技术开发区', 1),
(1779, 211, '汽车产业开发区', 1),
(1780, 211, '德惠市', 1),
(1781, 211, '九台市', 1),
(1782, 211, '榆树市', 1),
(1783, 211, '农安县', 1),
(1784, 212, '船营区', 1),
(1785, 212, '昌邑区', 1),
(1786, 212, '龙潭区', 1),
(1787, 212, '丰满区', 1),
(1788, 212, '蛟河市', 1),
(1789, 212, '桦甸市', 1),
(1790, 212, '舒兰市', 1),
(1791, 212, '磐石市', 1),
(1792, 212, '永吉县', 1),
(1793, 213, '洮北区', 1),
(1794, 213, '洮南市', 1),
(1795, 213, '大安市', 1),
(1796, 213, '镇赉县', 1),
(1797, 213, '通榆县', 1),
(1798, 214, '江源区', 1),
(1799, 214, '八道江区', 1),
(1800, 214, '长白', 1),
(1801, 214, '临江市', 1),
(1802, 214, '抚松县', 1),
(1803, 214, '靖宇县', 1),
(1804, 215, '龙山区', 1),
(1805, 215, '西安区', 1),
(1806, 215, '东丰县', 1),
(1807, 215, '东辽县', 1),
(1808, 216, '铁西区', 1),
(1809, 216, '铁东区', 1),
(1810, 216, '伊通', 1),
(1811, 216, '公主岭市', 1),
(1812, 216, '双辽市', 1),
(1813, 216, '梨树县', 1),
(1814, 217, '前郭尔罗斯', 1),
(1815, 217, '宁江区', 1),
(1816, 217, '长岭县', 1),
(1817, 217, '乾安县', 1),
(1818, 217, '扶余县', 1),
(1819, 218, '东昌区', 1),
(1820, 218, '二道江区', 1),
(1821, 218, '梅河口市', 1),
(1822, 218, '集安市', 1),
(1823, 218, '通化县', 1),
(1824, 218, '辉南县', 1),
(1825, 218, '柳河县', 1),
(1826, 219, '延吉市', 1),
(1827, 219, '图们市', 1),
(1828, 219, '敦化市', 1),
(1829, 219, '珲春市', 1),
(1830, 219, '龙井市', 1),
(1831, 219, '和龙市', 1),
(1832, 219, '安图县', 1),
(1833, 219, '汪清县', 1),
(1834, 220, '玄武区', 1),
(1835, 220, '鼓楼区', 1),
(1836, 220, '白下区', 1),
(1837, 220, '建邺区', 1),
(1838, 220, '秦淮区', 1),
(1839, 220, '雨花台区', 1),
(1840, 220, '下关区', 1),
(1841, 220, '栖霞区', 1),
(1842, 220, '浦口区', 1),
(1843, 220, '江宁区', 1),
(1844, 220, '六合区', 1),
(1845, 220, '溧水县', 1),
(1846, 220, '高淳县', 1),
(1847, 221, '沧浪区', 1),
(1848, 221, '金阊区', 1),
(1849, 221, '平江区', 1),
(1850, 221, '虎丘区', 1),
(1851, 221, '吴中区', 1),
(1852, 221, '相城区', 1),
(1853, 221, '园区', 1),
(1854, 221, '新区', 1),
(1855, 221, '常熟市', 1),
(1856, 221, '张家港市', 1),
(1857, 221, '玉山镇', 1),
(1858, 221, '巴城镇', 1),
(1859, 221, '周市镇', 1),
(1860, 221, '陆家镇', 1),
(1861, 221, '花桥镇', 1),
(1862, 221, '淀山湖镇', 1),
(1863, 221, '张浦镇', 1),
(1864, 221, '周庄镇', 1),
(1865, 221, '千灯镇', 1),
(1866, 221, '锦溪镇', 1),
(1867, 221, '开发区', 1),
(1868, 221, '吴江市', 1),
(1869, 221, '太仓市', 1),
(1870, 222, '崇安区', 1),
(1871, 222, '北塘区', 1),
(1872, 222, '南长区', 1),
(1873, 222, '锡山区', 1),
(1874, 222, '惠山区', 1),
(1875, 222, '滨湖区', 1),
(1876, 222, '新区', 1),
(1877, 222, '江阴市', 1),
(1878, 222, '宜兴市', 1),
(1879, 223, '天宁区', 1),
(1880, 223, '钟楼区', 1),
(1881, 223, '戚墅堰区', 1),
(1882, 223, '郊区', 1),
(1883, 223, '新北区', 1),
(1884, 223, '武进区', 1),
(1885, 223, '溧阳市', 1),
(1886, 223, '金坛市', 1),
(1887, 224, '清河区', 1),
(1888, 224, '清浦区', 1),
(1889, 224, '楚州区', 1),
(1890, 224, '淮阴区', 1),
(1891, 224, '涟水县', 1),
(1892, 224, '洪泽县', 1),
(1893, 224, '盱眙县', 1),
(1894, 224, '金湖县', 1),
(1895, 225, '新浦区', 1),
(1896, 225, '连云区', 1),
(1897, 225, '海州区', 1),
(1898, 225, '赣榆县', 1),
(1899, 225, '东海县', 1),
(1900, 225, '灌云县', 1),
(1901, 225, '灌南县', 1),
(1902, 226, '崇川区', 1),
(1903, 226, '港闸区', 1),
(1904, 226, '经济开发区', 1),
(1905, 226, '启东市', 1),
(1906, 226, '如皋市', 1),
(1907, 226, '通州市', 1),
(1908, 226, '海门市', 1),
(1909, 226, '海安县', 1),
(1910, 226, '如东县', 1),
(1911, 227, '宿城区', 1),
(1912, 227, '宿豫区', 1),
(1913, 227, '宿豫县', 1),
(1914, 227, '沭阳县', 1),
(1915, 227, '泗阳县', 1),
(1916, 227, '泗洪县', 1),
(1917, 228, '海陵区', 1),
(1918, 228, '高港区', 1),
(1919, 228, '兴化市', 1),
(1920, 228, '靖江市', 1),
(1921, 228, '泰兴市', 1),
(1922, 228, '姜堰市', 1),
(1923, 229, '云龙区', 1),
(1924, 229, '鼓楼区', 1),
(1925, 229, '九里区', 1),
(1926, 229, '贾汪区', 1),
(1927, 229, '泉山区', 1),
(1928, 229, '新沂市', 1),
(1929, 229, '邳州市', 1),
(1930, 229, '丰县', 1),
(1931, 229, '沛县', 1),
(1932, 229, '铜山县', 1),
(1933, 229, '睢宁县', 1),
(1934, 230, '城区', 1),
(1935, 230, '亭湖区', 1),
(1936, 230, '盐都区', 1),
(1937, 230, '盐都县', 1),
(1938, 230, '东台市', 1),
(1939, 230, '大丰市', 1),
(1940, 230, '响水县', 1),
(1941, 230, '滨海县', 1),
(1942, 230, '阜宁县', 1),
(1943, 230, '射阳县', 1),
(1944, 230, '建湖县', 1),
(1945, 231, '广陵区', 1),
(1946, 231, '维扬区', 1),
(1947, 231, '邗江区', 1),
(1948, 231, '仪征市', 1),
(1949, 231, '高邮市', 1),
(1950, 231, '江都市', 1),
(1951, 231, '宝应县', 1),
(1952, 232, '京口区', 1),
(1953, 232, '润州区', 1),
(1954, 232, '丹徒区', 1),
(1955, 232, '丹阳市', 1),
(1956, 232, '扬中市', 1),
(1957, 232, '句容市', 1),
(1958, 233, '东湖区', 1),
(1959, 233, '西湖区', 1),
(1960, 233, '青云谱区', 1),
(1961, 233, '湾里区', 1),
(1962, 233, '青山湖区', 1),
(1963, 233, '红谷滩新区', 1);
INSERT INTO `jd_areasid` (`areaid`, `pId`, `diqu`, `status`) VALUES
(1964, 233, '昌北区', 1),
(1965, 233, '高新区', 1),
(1966, 233, '南昌县', 1),
(1967, 233, '新建县', 1),
(1968, 233, '安义县', 1),
(1969, 233, '进贤县', 1),
(1970, 234, '临川区', 1),
(1971, 234, '南城县', 1),
(1972, 234, '黎川县', 1),
(1973, 234, '南丰县', 1),
(1974, 234, '崇仁县', 1),
(1975, 234, '乐安县', 1),
(1976, 234, '宜黄县', 1),
(1977, 234, '金溪县', 1),
(1978, 234, '资溪县', 1),
(1979, 234, '东乡县', 1),
(1980, 234, '广昌县', 1),
(1981, 235, '章贡区', 1),
(1982, 235, '于都县', 1),
(1983, 235, '瑞金市', 1),
(1984, 235, '南康市', 1),
(1985, 235, '赣县', 1),
(1986, 235, '信丰县', 1),
(1987, 235, '大余县', 1),
(1988, 235, '上犹县', 1),
(1989, 235, '崇义县', 1),
(1990, 235, '安远县', 1),
(1991, 235, '龙南县', 1),
(1992, 235, '定南县', 1),
(1993, 235, '全南县', 1),
(1994, 235, '宁都县', 1),
(1995, 235, '兴国县', 1),
(1996, 235, '会昌县', 1),
(1997, 235, '寻乌县', 1),
(1998, 235, '石城县', 1),
(1999, 236, '安福县', 1),
(2000, 236, '吉州区', 1),
(2001, 236, '青原区', 1),
(2002, 236, '井冈山市', 1),
(2003, 236, '吉安县', 1),
(2004, 236, '吉水县', 1),
(2005, 236, '峡江县', 1),
(2006, 236, '新干县', 1),
(2007, 236, '永丰县', 1),
(2008, 236, '泰和县', 1),
(2009, 236, '遂川县', 1),
(2010, 236, '万安县', 1),
(2011, 236, '永新县', 1),
(2012, 237, '珠山区', 1),
(2013, 237, '昌江区', 1),
(2014, 237, '乐平市', 1),
(2015, 237, '浮梁县', 1),
(2016, 238, '浔阳区', 1),
(2017, 238, '庐山区', 1),
(2018, 238, '瑞昌市', 1),
(2019, 238, '九江县', 1),
(2020, 238, '武宁县', 1),
(2021, 238, '修水县', 1),
(2022, 238, '永修县', 1),
(2023, 238, '德安县', 1),
(2024, 238, '星子县', 1),
(2025, 238, '都昌县', 1),
(2026, 238, '湖口县', 1),
(2027, 238, '彭泽县', 1),
(2028, 239, '安源区', 1),
(2029, 239, '湘东区', 1),
(2030, 239, '莲花县', 1),
(2031, 239, '芦溪县', 1),
(2032, 239, '上栗县', 1),
(2033, 240, '信州区', 1),
(2034, 240, '德兴市', 1),
(2035, 240, '上饶县', 1),
(2036, 240, '广丰县', 1),
(2037, 240, '玉山县', 1),
(2038, 240, '铅山县', 1),
(2039, 240, '横峰县', 1),
(2040, 240, '弋阳县', 1),
(2041, 240, '余干县', 1),
(2042, 240, '波阳县', 1),
(2043, 240, '万年县', 1),
(2044, 240, '婺源县', 1),
(2045, 241, '渝水区', 1),
(2046, 241, '分宜县', 1),
(2047, 242, '袁州区', 1),
(2048, 242, '丰城市', 1),
(2049, 242, '樟树市', 1),
(2050, 242, '高安市', 1),
(2051, 242, '奉新县', 1),
(2052, 242, '万载县', 1),
(2053, 242, '上高县', 1),
(2054, 242, '宜丰县', 1),
(2055, 242, '靖安县', 1),
(2056, 242, '铜鼓县', 1),
(2057, 243, '月湖区', 1),
(2058, 243, '贵溪市', 1),
(2059, 243, '余江县', 1),
(2060, 244, '沈河区', 1),
(2061, 244, '皇姑区', 1),
(2062, 244, '和平区', 1),
(2063, 244, '大东区', 1),
(2064, 244, '铁西区', 1),
(2065, 244, '苏家屯区', 1),
(2066, 244, '东陵区', 1),
(2067, 244, '沈北新区', 1),
(2068, 244, '于洪区', 1),
(2069, 244, '浑南新区', 1),
(2070, 244, '新民市', 1),
(2071, 244, '辽中县', 1),
(2072, 244, '康平县', 1),
(2073, 244, '法库县', 1),
(2074, 245, '西岗区', 1),
(2075, 245, '中山区', 1),
(2076, 245, '沙河口区', 1),
(2077, 245, '甘井子区', 1),
(2078, 245, '旅顺口区', 1),
(2079, 245, '金州区', 1),
(2080, 245, '开发区', 1),
(2081, 245, '瓦房店市', 1),
(2082, 245, '普兰店市', 1),
(2083, 245, '庄河市', 1),
(2084, 245, '长海县', 1),
(2085, 246, '铁东区', 1),
(2086, 246, '铁西区', 1),
(2087, 246, '立山区', 1),
(2088, 246, '千山区', 1),
(2089, 246, '岫岩', 1),
(2090, 246, '海城市', 1),
(2091, 246, '台安县', 1),
(2092, 247, '本溪', 1),
(2093, 247, '平山区', 1),
(2094, 247, '明山区', 1),
(2095, 247, '溪湖区', 1),
(2096, 247, '南芬区', 1),
(2097, 247, '桓仁', 1),
(2098, 248, '双塔区', 1),
(2099, 248, '龙城区', 1),
(2100, 248, '喀喇沁左翼蒙古族自治县', 1),
(2101, 248, '北票市', 1),
(2102, 248, '凌源市', 1),
(2103, 248, '朝阳县', 1),
(2104, 248, '建平县', 1),
(2105, 249, '振兴区', 1),
(2106, 249, '元宝区', 1),
(2107, 249, '振安区', 1),
(2108, 249, '宽甸', 1),
(2109, 249, '东港市', 1),
(2110, 249, '凤城市', 1),
(2111, 250, '顺城区', 1),
(2112, 250, '新抚区', 1),
(2113, 250, '东洲区', 1),
(2114, 250, '望花区', 1),
(2115, 250, '清原', 1),
(2116, 250, '新宾', 1),
(2117, 250, '抚顺县', 1),
(2118, 251, '阜新', 1),
(2119, 251, '海州区', 1),
(2120, 251, '新邱区', 1),
(2121, 251, '太平区', 1),
(2122, 251, '清河门区', 1),
(2123, 251, '细河区', 1),
(2124, 251, '彰武县', 1),
(2125, 252, '龙港区', 1),
(2126, 252, '南票区', 1),
(2127, 252, '连山区', 1),
(2128, 252, '兴城市', 1),
(2129, 252, '绥中县', 1),
(2130, 252, '建昌县', 1),
(2131, 253, '太和区', 1),
(2132, 253, '古塔区', 1),
(2133, 253, '凌河区', 1),
(2134, 253, '凌海市', 1),
(2135, 253, '北镇市', 1),
(2136, 253, '黑山县', 1),
(2137, 253, '义县', 1),
(2138, 254, '白塔区', 1),
(2139, 254, '文圣区', 1),
(2140, 254, '宏伟区', 1),
(2141, 254, '太子河区', 1),
(2142, 254, '弓长岭区', 1),
(2143, 254, '灯塔市', 1),
(2144, 254, '辽阳县', 1),
(2145, 255, '双台子区', 1),
(2146, 255, '兴隆台区', 1),
(2147, 255, '大洼县', 1),
(2148, 255, '盘山县', 1),
(2149, 256, '银州区', 1),
(2150, 256, '清河区', 1),
(2151, 256, '调兵山市', 1),
(2152, 256, '开原市', 1),
(2153, 256, '铁岭县', 1),
(2154, 256, '西丰县', 1),
(2155, 256, '昌图县', 1),
(2156, 257, '站前区', 1),
(2157, 257, '西市区', 1),
(2158, 257, '鲅鱼圈区', 1),
(2159, 257, '老边区', 1),
(2160, 257, '盖州市', 1),
(2161, 257, '大石桥市', 1),
(2162, 258, '回民区', 1),
(2163, 258, '玉泉区', 1),
(2164, 258, '新城区', 1),
(2165, 258, '赛罕区', 1),
(2166, 258, '清水河县', 1),
(2167, 258, '土默特左旗', 1),
(2168, 258, '托克托县', 1),
(2169, 258, '和林格尔县', 1),
(2170, 258, '武川县', 1),
(2171, 259, '阿拉善左旗', 1),
(2172, 259, '阿拉善右旗', 1),
(2173, 259, '额济纳旗', 1),
(2174, 260, '临河区', 1),
(2175, 260, '五原县', 1),
(2176, 260, '磴口县', 1),
(2177, 260, '乌拉特前旗', 1),
(2178, 260, '乌拉特中旗', 1),
(2179, 260, '乌拉特后旗', 1),
(2180, 260, '杭锦后旗', 1),
(2181, 261, '昆都仑区', 1),
(2182, 261, '青山区', 1),
(2183, 261, '东河区', 1),
(2184, 261, '九原区', 1),
(2185, 261, '石拐区', 1),
(2186, 261, '白云矿区', 1),
(2187, 261, '土默特右旗', 1),
(2188, 261, '固阳县', 1),
(2189, 261, '达尔罕茂明安联合旗', 1),
(2190, 262, '红山区', 1),
(2191, 262, '元宝山区', 1),
(2192, 262, '松山区', 1),
(2193, 262, '阿鲁科尔沁旗', 1),
(2194, 262, '巴林左旗', 1),
(2195, 262, '巴林右旗', 1),
(2196, 262, '林西县', 1),
(2197, 262, '克什克腾旗', 1),
(2198, 262, '翁牛特旗', 1),
(2199, 262, '喀喇沁旗', 1),
(2200, 262, '宁城县', 1),
(2201, 262, '敖汉旗', 1),
(2202, 263, '东胜区', 1),
(2203, 263, '达拉特旗', 1),
(2204, 263, '准格尔旗', 1),
(2205, 263, '鄂托克前旗', 1),
(2206, 263, '鄂托克旗', 1),
(2207, 263, '杭锦旗', 1),
(2208, 263, '乌审旗', 1),
(2209, 263, '伊金霍洛旗', 1),
(2210, 264, '海拉尔区', 1),
(2211, 264, '莫力达瓦', 1),
(2212, 264, '满洲里市', 1),
(2213, 264, '牙克石市', 1),
(2214, 264, '扎兰屯市', 1),
(2215, 264, '额尔古纳市', 1),
(2216, 264, '根河市', 1),
(2217, 264, '阿荣旗', 1),
(2218, 264, '鄂伦春自治旗', 1),
(2219, 264, '鄂温克族自治旗', 1),
(2220, 264, '陈巴尔虎旗', 1),
(2221, 264, '新巴尔虎左旗', 1),
(2222, 264, '新巴尔虎右旗', 1),
(2223, 265, '科尔沁区', 1),
(2224, 265, '霍林郭勒市', 1),
(2225, 265, '科尔沁左翼中旗', 1),
(2226, 265, '科尔沁左翼后旗', 1),
(2227, 265, '开鲁县', 1),
(2228, 265, '库伦旗', 1),
(2229, 265, '奈曼旗', 1),
(2230, 265, '扎鲁特旗', 1),
(2231, 266, '海勃湾区', 1),
(2232, 266, '乌达区', 1),
(2233, 266, '海南区', 1),
(2234, 267, '化德县', 1),
(2235, 267, '集宁区', 1),
(2236, 267, '丰镇市', 1),
(2237, 267, '卓资县', 1),
(2238, 267, '商都县', 1),
(2239, 267, '兴和县', 1),
(2240, 267, '凉城县', 1),
(2241, 267, '察哈尔右翼前旗', 1),
(2242, 267, '察哈尔右翼中旗', 1),
(2243, 267, '察哈尔右翼后旗', 1),
(2244, 267, '四子王旗', 1),
(2245, 268, '二连浩特市', 1),
(2246, 268, '锡林浩特市', 1),
(2247, 268, '阿巴嘎旗', 1),
(2248, 268, '苏尼特左旗', 1),
(2249, 268, '苏尼特右旗', 1),
(2250, 268, '东乌珠穆沁旗', 1),
(2251, 268, '西乌珠穆沁旗', 1),
(2252, 268, '太仆寺旗', 1),
(2253, 268, '镶黄旗', 1),
(2254, 268, '正镶白旗', 1),
(2255, 268, '正蓝旗', 1),
(2256, 268, '多伦县', 1),
(2257, 269, '乌兰浩特市', 1),
(2258, 269, '阿尔山市', 1),
(2259, 269, '科尔沁右翼前旗', 1),
(2260, 269, '科尔沁右翼中旗', 1),
(2261, 269, '扎赉特旗', 1),
(2262, 269, '突泉县', 1),
(2263, 270, '西夏区', 1),
(2264, 270, '金凤区', 1),
(2265, 270, '兴庆区', 1),
(2266, 270, '灵武市', 1),
(2267, 270, '永宁县', 1),
(2268, 270, '贺兰县', 1),
(2269, 271, '原州区', 1),
(2270, 271, '海原县', 1),
(2271, 271, '西吉县', 1),
(2272, 271, '隆德县', 1),
(2273, 271, '泾源县', 1),
(2274, 271, '彭阳县', 1),
(2275, 272, '惠农县', 1),
(2276, 272, '大武口区', 1),
(2277, 272, '惠农区', 1),
(2278, 272, '陶乐县', 1),
(2279, 272, '平罗县', 1),
(2280, 273, '利通区', 1),
(2281, 273, '中卫县', 1),
(2282, 273, '青铜峡市', 1),
(2283, 273, '中宁县', 1),
(2284, 273, '盐池县', 1),
(2285, 273, '同心县', 1),
(2286, 274, '沙坡头区', 1),
(2287, 274, '海原县', 1),
(2288, 274, '中宁县', 1),
(2289, 275, '城中区', 1),
(2290, 275, '城东区', 1),
(2291, 275, '城西区', 1),
(2292, 275, '城北区', 1),
(2293, 275, '湟中县', 1),
(2294, 275, '湟源县', 1),
(2295, 275, '大通', 1),
(2296, 276, '玛沁县', 1),
(2297, 276, '班玛县', 1),
(2298, 276, '甘德县', 1),
(2299, 276, '达日县', 1),
(2300, 276, '久治县', 1),
(2301, 276, '玛多县', 1),
(2302, 277, '海晏县', 1),
(2303, 277, '祁连县', 1),
(2304, 277, '刚察县', 1),
(2305, 277, '门源', 1),
(2306, 278, '平安县', 1),
(2307, 278, '乐都县', 1),
(2308, 278, '民和', 1),
(2309, 278, '互助', 1),
(2310, 278, '化隆', 1),
(2311, 278, '循化', 1),
(2312, 279, '共和县', 1),
(2313, 279, '同德县', 1),
(2314, 279, '贵德县', 1),
(2315, 279, '兴海县', 1),
(2316, 279, '贵南县', 1),
(2317, 280, '德令哈市', 1),
(2318, 280, '格尔木市', 1),
(2319, 280, '乌兰县', 1),
(2320, 280, '都兰县', 1),
(2321, 280, '天峻县', 1),
(2322, 281, '同仁县', 1),
(2323, 281, '尖扎县', 1),
(2324, 281, '泽库县', 1),
(2325, 281, '河南蒙古族自治县', 1),
(2326, 282, '玉树县', 1),
(2327, 282, '杂多县', 1),
(2328, 282, '称多县', 1),
(2329, 282, '治多县', 1),
(2330, 282, '囊谦县', 1),
(2331, 282, '曲麻莱县', 1),
(2332, 283, '市中区', 1),
(2333, 283, '历下区', 1),
(2334, 283, '天桥区', 1),
(2335, 283, '槐荫区', 1),
(2336, 283, '历城区', 1),
(2337, 283, '长清区', 1),
(2338, 283, '章丘市', 1),
(2339, 283, '平阴县', 1),
(2340, 283, '济阳县', 1),
(2341, 283, '商河县', 1),
(2342, 284, '市南区', 1),
(2343, 284, '市北区', 1),
(2344, 284, '城阳区', 1),
(2345, 284, '四方区', 1),
(2346, 284, '李沧区', 1),
(2347, 284, '黄岛区', 1),
(2348, 284, '崂山区', 1),
(2349, 284, '胶州市', 1),
(2350, 284, '即墨市', 1),
(2351, 284, '平度市', 1),
(2352, 284, '胶南市', 1),
(2353, 284, '莱西市', 1),
(2354, 285, '滨城区', 1),
(2355, 285, '惠民县', 1),
(2356, 285, '阳信县', 1),
(2357, 285, '无棣县', 1),
(2358, 285, '沾化县', 1),
(2359, 285, '博兴县', 1),
(2360, 285, '邹平县', 1),
(2361, 286, '德城区', 1),
(2362, 286, '陵县', 1),
(2363, 286, '乐陵市', 1),
(2364, 286, '禹城市', 1),
(2365, 286, '宁津县', 1),
(2366, 286, '庆云县', 1),
(2367, 286, '临邑县', 1),
(2368, 286, '齐河县', 1),
(2369, 286, '平原县', 1),
(2370, 286, '夏津县', 1),
(2371, 286, '武城县', 1),
(2372, 287, '东营区', 1),
(2373, 287, '河口区', 1),
(2374, 287, '垦利县', 1),
(2375, 287, '利津县', 1),
(2376, 287, '广饶县', 1),
(2377, 288, '牡丹区', 1),
(2378, 288, '曹县', 1),
(2379, 288, '单县', 1),
(2380, 288, '成武县', 1),
(2381, 288, '巨野县', 1),
(2382, 288, '郓城县', 1),
(2383, 288, '鄄城县', 1),
(2384, 288, '定陶县', 1),
(2385, 288, '东明县', 1),
(2386, 289, '市中区', 1),
(2387, 289, '任城区', 1),
(2388, 289, '曲阜市', 1),
(2389, 289, '兖州市', 1),
(2390, 289, '邹城市', 1),
(2391, 289, '微山县', 1),
(2392, 289, '鱼台县', 1),
(2393, 289, '金乡县', 1),
(2394, 289, '嘉祥县', 1),
(2395, 289, '汶上县', 1),
(2396, 289, '泗水县', 1),
(2397, 289, '梁山县', 1),
(2398, 290, '莱城区', 1),
(2399, 290, '钢城区', 1),
(2400, 291, '东昌府区', 1),
(2401, 291, '临清市', 1),
(2402, 291, '阳谷县', 1),
(2403, 291, '莘县', 1),
(2404, 291, '茌平县', 1),
(2405, 291, '东阿县', 1),
(2406, 291, '冠县', 1),
(2407, 291, '高唐县', 1),
(2408, 292, '兰山区', 1),
(2409, 292, '罗庄区', 1),
(2410, 292, '河东区', 1),
(2411, 292, '沂南县', 1),
(2412, 292, '郯城县', 1),
(2413, 292, '沂水县', 1),
(2414, 292, '苍山县', 1),
(2415, 292, '费县', 1),
(2416, 292, '平邑县', 1),
(2417, 292, '莒南县', 1),
(2418, 292, '蒙阴县', 1),
(2419, 292, '临沭县', 1),
(2420, 293, '东港区', 1),
(2421, 293, '岚山区', 1),
(2422, 293, '五莲县', 1),
(2423, 293, '莒县', 1),
(2424, 294, '泰山区', 1),
(2425, 294, '岱岳区', 1),
(2426, 294, '新泰市', 1),
(2427, 294, '肥城市', 1),
(2428, 294, '宁阳县', 1),
(2429, 294, '东平县', 1),
(2430, 295, '荣成市', 1),
(2431, 295, '乳山市', 1),
(2432, 295, '环翠区', 1),
(2433, 295, '文登市', 1),
(2434, 296, '潍城区', 1),
(2435, 296, '寒亭区', 1),
(2436, 296, '坊子区', 1),
(2437, 296, '奎文区', 1),
(2438, 296, '青州市', 1),
(2439, 296, '诸城市', 1),
(2440, 296, '寿光市', 1),
(2441, 296, '安丘市', 1),
(2442, 296, '高密市', 1),
(2443, 296, '昌邑市', 1),
(2444, 296, '临朐县', 1),
(2445, 296, '昌乐县', 1),
(2446, 297, '芝罘区', 1),
(2447, 297, '福山区', 1),
(2448, 297, '牟平区', 1),
(2449, 297, '莱山区', 1),
(2450, 297, '开发区', 1),
(2451, 297, '龙口市', 1),
(2452, 297, '莱阳市', 1),
(2453, 297, '莱州市', 1),
(2454, 297, '蓬莱市', 1),
(2455, 297, '招远市', 1),
(2456, 297, '栖霞市', 1),
(2457, 297, '海阳市', 1),
(2458, 297, '长岛县', 1),
(2459, 298, '市中区', 1),
(2460, 298, '山亭区', 1),
(2461, 298, '峄城区', 1),
(2462, 298, '台儿庄区', 1),
(2463, 298, '薛城区', 1),
(2464, 298, '滕州市', 1),
(2465, 299, '张店区', 1),
(2466, 299, '临淄区', 1),
(2467, 299, '淄川区', 1),
(2468, 299, '博山区', 1),
(2469, 299, '周村区', 1),
(2470, 299, '桓台县', 1),
(2471, 299, '高青县', 1),
(2472, 299, '沂源县', 1),
(2473, 300, '杏花岭区', 1),
(2474, 300, '小店区', 1),
(2475, 300, '迎泽区', 1),
(2476, 300, '尖草坪区', 1),
(2477, 300, '万柏林区', 1),
(2478, 300, '晋源区', 1),
(2479, 300, '高新开发区', 1),
(2480, 300, '民营经济开发区', 1),
(2481, 300, '经济技术开发区', 1),
(2482, 300, '清徐县', 1),
(2483, 300, '阳曲县', 1),
(2484, 300, '娄烦县', 1),
(2485, 300, '古交市', 1),
(2486, 301, '城区', 1),
(2487, 301, '郊区', 1),
(2488, 301, '沁县', 1),
(2489, 301, '潞城市', 1),
(2490, 301, '长治县', 1),
(2491, 301, '襄垣县', 1),
(2492, 301, '屯留县', 1),
(2493, 301, '平顺县', 1),
(2494, 301, '黎城县', 1),
(2495, 301, '壶关县', 1),
(2496, 301, '长子县', 1),
(2497, 301, '武乡县', 1),
(2498, 301, '沁源县', 1),
(2499, 302, '城区', 1),
(2500, 302, '矿区', 1),
(2501, 302, '南郊区', 1),
(2502, 302, '新荣区', 1),
(2503, 302, '阳高县', 1),
(2504, 302, '天镇县', 1),
(2505, 302, '广灵县', 1),
(2506, 302, '灵丘县', 1),
(2507, 302, '浑源县', 1),
(2508, 302, '左云县', 1),
(2509, 302, '大同县', 1),
(2510, 303, '城区', 1),
(2511, 303, '高平市', 1),
(2512, 303, '沁水县', 1),
(2513, 303, '阳城县', 1),
(2514, 303, '陵川县', 1),
(2515, 303, '泽州县', 1),
(2516, 304, '榆次区', 1),
(2517, 304, '介休市', 1),
(2518, 304, '榆社县', 1),
(2519, 304, '左权县', 1),
(2520, 304, '和顺县', 1),
(2521, 304, '昔阳县', 1),
(2522, 304, '寿阳县', 1),
(2523, 304, '太谷县', 1),
(2524, 304, '祁县', 1),
(2525, 304, '平遥县', 1),
(2526, 304, '灵石县', 1),
(2527, 305, '尧都区', 1),
(2528, 305, '侯马市', 1),
(2529, 305, '霍州市', 1),
(2530, 305, '曲沃县', 1),
(2531, 305, '翼城县', 1),
(2532, 305, '襄汾县', 1),
(2533, 305, '洪洞县', 1),
(2534, 305, '吉县', 1),
(2535, 305, '安泽县', 1),
(2536, 305, '浮山县', 1),
(2537, 305, '古县', 1),
(2538, 305, '乡宁县', 1),
(2539, 305, '大宁县', 1),
(2540, 305, '隰县', 1),
(2541, 305, '永和县', 1),
(2542, 305, '蒲县', 1),
(2543, 305, '汾西县', 1),
(2544, 306, '离石市', 1),
(2545, 306, '离石区', 1),
(2546, 306, '孝义市', 1),
(2547, 306, '汾阳市', 1),
(2548, 306, '文水县', 1),
(2549, 306, '交城县', 1),
(2550, 306, '兴县', 1),
(2551, 306, '临县', 1),
(2552, 306, '柳林县', 1),
(2553, 306, '石楼县', 1),
(2554, 306, '岚县', 1),
(2555, 306, '方山县', 1),
(2556, 306, '中阳县', 1),
(2557, 306, '交口县', 1),
(2558, 307, '朔城区', 1),
(2559, 307, '平鲁区', 1),
(2560, 307, '山阴县', 1),
(2561, 307, '应县', 1),
(2562, 307, '右玉县', 1),
(2563, 307, '怀仁县', 1),
(2564, 308, '忻府区', 1),
(2565, 308, '原平市', 1),
(2566, 308, '定襄县', 1),
(2567, 308, '五台县', 1),
(2568, 308, '代县', 1),
(2569, 308, '繁峙县', 1),
(2570, 308, '宁武县', 1),
(2571, 308, '静乐县', 1),
(2572, 308, '神池县', 1),
(2573, 308, '五寨县', 1),
(2574, 308, '岢岚县', 1),
(2575, 308, '河曲县', 1),
(2576, 308, '保德县', 1),
(2577, 308, '偏关县', 1),
(2578, 309, '城区', 1),
(2579, 309, '矿区', 1),
(2580, 309, '郊区', 1),
(2581, 309, '平定县', 1),
(2582, 309, '盂县', 1),
(2583, 310, '盐湖区', 1),
(2584, 310, '永济市', 1),
(2585, 310, '河津市', 1),
(2586, 310, '临猗县', 1),
(2587, 310, '万荣县', 1),
(2588, 310, '闻喜县', 1),
(2589, 310, '稷山县', 1),
(2590, 310, '新绛县', 1),
(2591, 310, '绛县', 1),
(2592, 310, '垣曲县', 1),
(2593, 310, '夏县', 1),
(2594, 310, '平陆县', 1),
(2595, 310, '芮城县', 1),
(2596, 311, '莲湖区', 1),
(2597, 311, '新城区', 1),
(2598, 311, '碑林区', 1),
(2599, 311, '雁塔区', 1),
(2600, 311, '灞桥区', 1),
(2601, 311, '未央区', 1),
(2602, 311, '阎良区', 1),
(2603, 311, '临潼区', 1),
(2604, 311, '长安区', 1),
(2605, 311, '蓝田县', 1),
(2606, 311, '周至县', 1),
(2607, 311, '户县', 1),
(2608, 311, '高陵县', 1),
(2609, 312, '汉滨区', 1),
(2610, 312, '汉阴县', 1),
(2611, 312, '石泉县', 1),
(2612, 312, '宁陕县', 1),
(2613, 312, '紫阳县', 1),
(2614, 312, '岚皋县', 1),
(2615, 312, '平利县', 1),
(2616, 312, '镇坪县', 1),
(2617, 312, '旬阳县', 1),
(2618, 312, '白河县', 1),
(2619, 313, '陈仓区', 1),
(2620, 313, '渭滨区', 1),
(2621, 313, '金台区', 1),
(2622, 313, '凤翔县', 1),
(2623, 313, '岐山县', 1),
(2624, 313, '扶风县', 1),
(2625, 313, '眉县', 1),
(2626, 313, '陇县', 1),
(2627, 313, '千阳县', 1),
(2628, 313, '麟游县', 1),
(2629, 313, '凤县', 1),
(2630, 313, '太白县', 1),
(2631, 314, '汉台区', 1),
(2632, 314, '南郑县', 1),
(2633, 314, '城固县', 1),
(2634, 314, '洋县', 1),
(2635, 314, '西乡县', 1),
(2636, 314, '勉县', 1),
(2637, 314, '宁强县', 1),
(2638, 314, '略阳县', 1),
(2639, 314, '镇巴县', 1),
(2640, 314, '留坝县', 1),
(2641, 314, '佛坪县', 1),
(2642, 315, '商州区', 1),
(2643, 315, '洛南县', 1),
(2644, 315, '丹凤县', 1),
(2645, 315, '商南县', 1),
(2646, 315, '山阳县', 1),
(2647, 315, '镇安县', 1),
(2648, 315, '柞水县', 1),
(2649, 316, '耀州区', 1),
(2650, 316, '王益区', 1),
(2651, 316, '印台区', 1),
(2652, 316, '宜君县', 1),
(2653, 317, '临渭区', 1),
(2654, 317, '韩城市', 1),
(2655, 317, '华阴市', 1),
(2656, 317, '华县', 1),
(2657, 317, '潼关县', 1),
(2658, 317, '大荔县', 1),
(2659, 317, '合阳县', 1),
(2660, 317, '澄城县', 1),
(2661, 317, '蒲城县', 1),
(2662, 317, '白水县', 1),
(2663, 317, '富平县', 1),
(2664, 318, '秦都区', 1),
(2665, 318, '渭城区', 1),
(2666, 318, '杨陵区', 1),
(2667, 318, '兴平市', 1),
(2668, 318, '三原县', 1),
(2669, 318, '泾阳县', 1),
(2670, 318, '乾县', 1),
(2671, 318, '礼泉县', 1),
(2672, 318, '永寿县', 1),
(2673, 318, '彬县', 1),
(2674, 318, '长武县', 1),
(2675, 318, '旬邑县', 1),
(2676, 318, '淳化县', 1),
(2677, 318, '武功县', 1),
(2678, 319, '吴起县', 1),
(2679, 319, '宝塔区', 1),
(2680, 319, '延长县', 1),
(2681, 319, '延川县', 1),
(2682, 319, '子长县', 1),
(2683, 319, '安塞县', 1),
(2684, 319, '志丹县', 1),
(2685, 319, '甘泉县', 1),
(2686, 319, '富县', 1),
(2687, 319, '洛川县', 1),
(2688, 319, '宜川县', 1),
(2689, 319, '黄龙县', 1),
(2690, 319, '黄陵县', 1),
(2691, 320, '榆阳区', 1),
(2692, 320, '神木县', 1),
(2693, 320, '府谷县', 1),
(2694, 320, '横山县', 1),
(2695, 320, '靖边县', 1),
(2696, 320, '定边县', 1),
(2697, 320, '绥德县', 1),
(2698, 320, '米脂县', 1),
(2699, 320, '佳县', 1),
(2700, 320, '吴堡县', 1),
(2701, 320, '清涧县', 1),
(2702, 320, '子洲县', 1),
(2703, 321, '长宁区', 1),
(2704, 321, '闸北区', 1),
(2705, 321, '闵行区', 1),
(2706, 321, '徐汇区', 1),
(2707, 321, '浦东新区', 1),
(2708, 321, '杨浦区', 1),
(2709, 321, '普陀区', 1),
(2710, 321, '静安区', 1),
(2711, 321, '卢湾区', 1),
(2712, 321, '虹口区', 1),
(2713, 321, '黄浦区', 1),
(2714, 321, '南汇区', 1),
(2715, 321, '松江区', 1),
(2716, 321, '嘉定区', 1),
(2717, 321, '宝山区', 1),
(2718, 321, '青浦区', 1),
(2719, 321, '金山区', 1),
(2720, 321, '奉贤区', 1),
(2721, 321, '崇明县', 1),
(2722, 322, '青羊区', 1),
(2723, 322, '锦江区', 1),
(2724, 322, '金牛区', 1),
(2725, 322, '武侯区', 1),
(2726, 322, '成华区', 1),
(2727, 322, '龙泉驿区', 1),
(2728, 322, '青白江区', 1),
(2729, 322, '新都区', 1),
(2730, 322, '温江区', 1),
(2731, 322, '高新区', 1),
(2732, 322, '高新西区', 1),
(2733, 322, '都江堰市', 1),
(2734, 322, '彭州市', 1),
(2735, 322, '邛崃市', 1),
(2736, 322, '崇州市', 1),
(2737, 322, '金堂县', 1),
(2738, 322, '双流县', 1),
(2739, 322, '郫县', 1),
(2740, 322, '大邑县', 1),
(2741, 322, '蒲江县', 1),
(2742, 322, '新津县', 1),
(2743, 322, '都江堰市', 1),
(2744, 322, '彭州市', 1),
(2745, 322, '邛崃市', 1),
(2746, 322, '崇州市', 1),
(2747, 322, '金堂县', 1),
(2748, 322, '双流县', 1),
(2749, 322, '郫县', 1),
(2750, 322, '大邑县', 1),
(2751, 322, '蒲江县', 1),
(2752, 322, '新津县', 1),
(2753, 323, '涪城区', 1),
(2754, 323, '游仙区', 1),
(2755, 323, '江油市', 1),
(2756, 323, '盐亭县', 1),
(2757, 323, '三台县', 1),
(2758, 323, '平武县', 1),
(2759, 323, '安县', 1),
(2760, 323, '梓潼县', 1),
(2761, 323, '北川县', 1),
(2762, 324, '马尔康县', 1),
(2763, 324, '汶川县', 1),
(2764, 324, '理县', 1),
(2765, 324, '茂县', 1),
(2766, 324, '松潘县', 1),
(2767, 324, '九寨沟县', 1),
(2768, 324, '金川县', 1),
(2769, 324, '小金县', 1),
(2770, 324, '黑水县', 1),
(2771, 324, '壤塘县', 1),
(2772, 324, '阿坝县', 1),
(2773, 324, '若尔盖县', 1),
(2774, 324, '红原县', 1),
(2775, 325, '巴州区', 1),
(2776, 325, '通江县', 1),
(2777, 325, '南江县', 1),
(2778, 325, '平昌县', 1),
(2779, 326, '通川区', 1),
(2780, 326, '万源市', 1),
(2781, 326, '达县', 1),
(2782, 326, '宣汉县', 1),
(2783, 326, '开江县', 1),
(2784, 326, '大竹县', 1),
(2785, 326, '渠县', 1),
(2786, 327, '旌阳区', 1),
(2787, 327, '广汉市', 1),
(2788, 327, '什邡市', 1),
(2789, 327, '绵竹市', 1),
(2790, 327, '罗江县', 1),
(2791, 327, '中江县', 1),
(2792, 328, '康定县', 1),
(2793, 328, '丹巴县', 1),
(2794, 328, '泸定县', 1),
(2795, 328, '炉霍县', 1),
(2796, 328, '九龙县', 1),
(2797, 328, '甘孜县', 1),
(2798, 328, '雅江县', 1),
(2799, 328, '新龙县', 1),
(2800, 328, '道孚县', 1),
(2801, 328, '白玉县', 1),
(2802, 328, '理塘县', 1),
(2803, 328, '德格县', 1),
(2804, 328, '乡城县', 1),
(2805, 328, '石渠县', 1),
(2806, 328, '稻城县', 1),
(2807, 328, '色达县', 1),
(2808, 328, '巴塘县', 1),
(2809, 328, '得荣县', 1),
(2810, 329, '广安区', 1),
(2811, 329, '华蓥市', 1),
(2812, 329, '岳池县', 1),
(2813, 329, '武胜县', 1),
(2814, 329, '邻水县', 1),
(2815, 330, '利州区', 1),
(2816, 330, '元坝区', 1),
(2817, 330, '朝天区', 1),
(2818, 330, '旺苍县', 1),
(2819, 330, '青川县', 1),
(2820, 330, '剑阁县', 1),
(2821, 330, '苍溪县', 1),
(2822, 331, '峨眉山市', 1),
(2823, 331, '乐山市', 1),
(2824, 331, '犍为县', 1),
(2825, 331, '井研县', 1),
(2826, 331, '夹江县', 1),
(2827, 331, '沐川县', 1),
(2828, 331, '峨边', 1),
(2829, 331, '马边', 1),
(2830, 332, '西昌市', 1),
(2831, 332, '盐源县', 1),
(2832, 332, '德昌县', 1),
(2833, 332, '会理县', 1),
(2834, 332, '会东县', 1),
(2835, 332, '宁南县', 1),
(2836, 332, '普格县', 1),
(2837, 332, '布拖县', 1),
(2838, 332, '金阳县', 1),
(2839, 332, '昭觉县', 1),
(2840, 332, '喜德县', 1),
(2841, 332, '冕宁县', 1),
(2842, 332, '越西县', 1),
(2843, 332, '甘洛县', 1),
(2844, 332, '美姑县', 1),
(2845, 332, '雷波县', 1),
(2846, 332, '木里', 1),
(2847, 333, '东坡区', 1),
(2848, 333, '仁寿县', 1),
(2849, 333, '彭山县', 1),
(2850, 333, '洪雅县', 1),
(2851, 333, '丹棱县', 1),
(2852, 333, '青神县', 1),
(2853, 334, '阆中市', 1),
(2854, 334, '南部县', 1),
(2855, 334, '营山县', 1),
(2856, 334, '蓬安县', 1),
(2857, 334, '仪陇县', 1),
(2858, 334, '顺庆区', 1),
(2859, 334, '高坪区', 1),
(2860, 334, '嘉陵区', 1),
(2861, 334, '西充县', 1),
(2862, 335, '市中区', 1),
(2863, 335, '东兴区', 1),
(2864, 335, '威远县', 1),
(2865, 335, '资中县', 1),
(2866, 335, '隆昌县', 1),
(2867, 336, '东  区', 1),
(2868, 336, '西  区', 1),
(2869, 336, '仁和区', 1),
(2870, 336, '米易县', 1),
(2871, 336, '盐边县', 1),
(2872, 337, '船山区', 1),
(2873, 337, '安居区', 1),
(2874, 337, '蓬溪县', 1),
(2875, 337, '射洪县', 1),
(2876, 337, '大英县', 1),
(2877, 338, '雨城区', 1),
(2878, 338, '名山县', 1),
(2879, 338, '荥经县', 1),
(2880, 338, '汉源县', 1),
(2881, 338, '石棉县', 1),
(2882, 338, '天全县', 1),
(2883, 338, '芦山县', 1),
(2884, 338, '宝兴县', 1),
(2885, 339, '翠屏区', 1),
(2886, 339, '宜宾县', 1),
(2887, 339, '南溪县', 1),
(2888, 339, '江安县', 1),
(2889, 339, '长宁县', 1),
(2890, 339, '高县', 1),
(2891, 339, '珙县', 1),
(2892, 339, '筠连县', 1),
(2893, 339, '兴文县', 1),
(2894, 339, '屏山县', 1),
(2895, 340, '雁江区', 1),
(2896, 340, '简阳市', 1),
(2897, 340, '安岳县', 1),
(2898, 340, '乐至县', 1),
(2899, 341, '大安区', 1),
(2900, 341, '自流井区', 1),
(2901, 341, '贡井区', 1),
(2902, 341, '沿滩区', 1),
(2903, 341, '荣县', 1),
(2904, 341, '富顺县', 1),
(2905, 342, '江阳区', 1),
(2906, 342, '纳溪区', 1),
(2907, 342, '龙马潭区', 1),
(2908, 342, '泸县', 1),
(2909, 342, '合江县', 1),
(2910, 342, '叙永县', 1),
(2911, 342, '古蔺县', 1),
(2912, 343, '和平区', 1),
(2913, 343, '河西区', 1),
(2914, 343, '南开区', 1),
(2915, 343, '河北区', 1),
(2916, 343, '河东区', 1),
(2917, 343, '红桥区', 1),
(2918, 343, '东丽区', 1),
(2919, 343, '津南区', 1),
(2920, 343, '西青区', 1),
(2921, 343, '北辰区', 1),
(2922, 343, '塘沽区', 1),
(2923, 343, '汉沽区', 1),
(2924, 343, '大港区', 1),
(2925, 343, '武清区', 1),
(2926, 343, '宝坻区', 1),
(2927, 343, '经济开发区', 1),
(2928, 343, '宁河县', 1),
(2929, 343, '静海县', 1),
(2930, 343, '蓟县', 1),
(2931, 344, '城关区', 1),
(2932, 344, '林周县', 1),
(2933, 344, '当雄县', 1),
(2934, 344, '尼木县', 1),
(2935, 344, '曲水县', 1),
(2936, 344, '堆龙德庆县', 1),
(2937, 344, '达孜县', 1),
(2938, 344, '墨竹工卡县', 1),
(2939, 345, '噶尔县', 1),
(2940, 345, '普兰县', 1),
(2941, 345, '札达县', 1),
(2942, 345, '日土县', 1),
(2943, 345, '革吉县', 1),
(2944, 345, '改则县', 1),
(2945, 345, '措勤县', 1),
(2946, 346, '昌都县', 1),
(2947, 346, '江达县', 1),
(2948, 346, '贡觉县', 1),
(2949, 346, '类乌齐县', 1),
(2950, 346, '丁青县', 1),
(2951, 346, '察雅县', 1),
(2952, 346, '八宿县', 1),
(2953, 346, '左贡县', 1),
(2954, 346, '芒康县', 1),
(2955, 346, '洛隆县', 1),
(2956, 346, '边坝县', 1),
(2957, 347, '林芝县', 1),
(2958, 347, '工布江达县', 1),
(2959, 347, '米林县', 1),
(2960, 347, '墨脱县', 1),
(2961, 347, '波密县', 1),
(2962, 347, '察隅县', 1),
(2963, 347, '朗县', 1),
(2964, 348, '那曲县', 1),
(2965, 348, '嘉黎县', 1),
(2966, 348, '比如县', 1),
(2967, 348, '聂荣县', 1),
(2968, 348, '安多县', 1),
(2969, 348, '申扎县', 1),
(2970, 348, '索县', 1),
(2971, 348, '班戈县', 1),
(2972, 348, '巴青县', 1),
(2973, 348, '尼玛县', 1),
(2974, 349, '日喀则市', 1),
(2975, 349, '南木林县', 1),
(2976, 349, '江孜县', 1),
(2977, 349, '定日县', 1),
(2978, 349, '萨迦县', 1),
(2979, 349, '拉孜县', 1),
(2980, 349, '昂仁县', 1),
(2981, 349, '谢通门县', 1),
(2982, 349, '白朗县', 1),
(2983, 349, '仁布县', 1),
(2984, 349, '康马县', 1),
(2985, 349, '定结县', 1),
(2986, 349, '仲巴县', 1),
(2987, 349, '亚东县', 1),
(2988, 349, '吉隆县', 1),
(2989, 349, '聂拉木县', 1),
(2990, 349, '萨嘎县', 1),
(2991, 349, '岗巴县', 1),
(2992, 350, '乃东县', 1),
(2993, 350, '扎囊县', 1),
(2994, 350, '贡嘎县', 1),
(2995, 350, '桑日县', 1),
(2996, 350, '琼结县', 1),
(2997, 350, '曲松县', 1),
(2998, 350, '措美县', 1),
(2999, 350, '洛扎县', 1),
(3000, 350, '加查县', 1),
(3001, 350, '隆子县', 1),
(3002, 350, '错那县', 1),
(3003, 350, '浪卡子县', 1),
(3004, 351, '天山区', 1),
(3005, 351, '沙依巴克区', 1),
(3006, 351, '新市区', 1),
(3007, 351, '水磨沟区', 1),
(3008, 351, '头屯河区', 1),
(3009, 351, '达坂城区', 1),
(3010, 351, '米东区', 1),
(3011, 351, '乌鲁木齐县', 1),
(3012, 352, '阿克苏市', 1),
(3013, 352, '温宿县', 1),
(3014, 352, '库车县', 1),
(3015, 352, '沙雅县', 1),
(3016, 352, '新和县', 1),
(3017, 352, '拜城县', 1),
(3018, 352, '乌什县', 1),
(3019, 352, '阿瓦提县', 1),
(3020, 352, '柯坪县', 1),
(3021, 353, '阿拉尔市', 1),
(3022, 354, '库尔勒市', 1),
(3023, 354, '轮台县', 1),
(3024, 354, '尉犁县', 1),
(3025, 354, '若羌县', 1),
(3026, 354, '且末县', 1),
(3027, 354, '焉耆', 1),
(3028, 354, '和静县', 1),
(3029, 354, '和硕县', 1),
(3030, 354, '博湖县', 1),
(3031, 355, '博乐市', 1),
(3032, 355, '精河县', 1),
(3033, 355, '温泉县', 1),
(3034, 356, '呼图壁县', 1),
(3035, 356, '米泉市', 1),
(3036, 356, '昌吉市', 1),
(3037, 356, '阜康市', 1),
(3038, 356, '玛纳斯县', 1),
(3039, 356, '奇台县', 1),
(3040, 356, '吉木萨尔县', 1),
(3041, 356, '木垒', 1),
(3042, 357, '哈密市', 1),
(3043, 357, '伊吾县', 1),
(3044, 357, '巴里坤', 1),
(3045, 358, '和田市', 1),
(3046, 358, '和田县', 1),
(3047, 358, '墨玉县', 1),
(3048, 358, '皮山县', 1),
(3049, 358, '洛浦县', 1),
(3050, 358, '策勒县', 1),
(3051, 358, '于田县', 1),
(3052, 358, '民丰县', 1),
(3053, 359, '喀什市', 1),
(3054, 359, '疏附县', 1),
(3055, 359, '疏勒县', 1),
(3056, 359, '英吉沙县', 1),
(3057, 359, '泽普县', 1),
(3058, 359, '莎车县', 1),
(3059, 359, '叶城县', 1),
(3060, 359, '麦盖提县', 1),
(3061, 359, '岳普湖县', 1),
(3062, 359, '伽师县', 1),
(3063, 359, '巴楚县', 1),
(3064, 359, '塔什库尔干', 1),
(3065, 360, '克拉玛依市', 1),
(3066, 361, '阿图什市', 1),
(3067, 361, '阿克陶县', 1),
(3068, 361, '阿合奇县', 1),
(3069, 361, '乌恰县', 1),
(3070, 362, '石河子市', 1),
(3071, 363, '图木舒克市', 1),
(3072, 364, '吐鲁番市', 1),
(3073, 364, '鄯善县', 1),
(3074, 364, '托克逊县', 1),
(3075, 365, '五家渠市', 1),
(3076, 366, '阿勒泰市', 1),
(3077, 366, '布克赛尔', 1),
(3078, 366, '伊宁市', 1),
(3079, 366, '布尔津县', 1),
(3080, 366, '奎屯市', 1),
(3081, 366, '乌苏市', 1),
(3082, 366, '额敏县', 1),
(3083, 366, '富蕴县', 1),
(3084, 366, '伊宁县', 1),
(3085, 366, '福海县', 1),
(3086, 366, '霍城县', 1),
(3087, 366, '沙湾县', 1),
(3088, 366, '巩留县', 1),
(3089, 366, '哈巴河县', 1),
(3090, 366, '托里县', 1),
(3091, 366, '青河县', 1),
(3092, 366, '新源县', 1),
(3093, 366, '裕民县', 1),
(3094, 366, '和布克赛尔', 1),
(3095, 366, '吉木乃县', 1),
(3096, 366, '昭苏县', 1),
(3097, 366, '特克斯县', 1),
(3098, 366, '尼勒克县', 1),
(3099, 366, '察布查尔', 1),
(3100, 367, '盘龙区', 1),
(3101, 367, '五华区', 1),
(3102, 367, '官渡区', 1),
(3103, 367, '西山区', 1),
(3104, 367, '东川区', 1),
(3105, 367, '安宁市', 1),
(3106, 367, '呈贡县', 1),
(3107, 367, '晋宁县', 1),
(3108, 367, '富民县', 1),
(3109, 367, '宜良县', 1),
(3110, 367, '嵩明县', 1),
(3111, 367, '石林县', 1),
(3112, 367, '禄劝', 1),
(3113, 367, '寻甸', 1),
(3114, 368, '兰坪', 1),
(3115, 368, '泸水县', 1),
(3116, 368, '福贡县', 1),
(3117, 368, '贡山', 1),
(3118, 369, '宁洱', 1),
(3119, 369, '思茅区', 1),
(3120, 369, '墨江', 1),
(3121, 369, '景东', 1),
(3122, 369, '景谷', 1),
(3123, 369, '镇沅', 1),
(3124, 369, '江城', 1),
(3125, 369, '孟连', 1),
(3126, 369, '澜沧', 1),
(3127, 369, '西盟', 1),
(3128, 370, '古城区', 1),
(3129, 370, '宁蒗', 1),
(3130, 370, '玉龙', 1),
(3131, 370, '永胜县', 1),
(3132, 370, '华坪县', 1),
(3133, 371, '隆阳区', 1),
(3134, 371, '施甸县', 1),
(3135, 371, '腾冲县', 1),
(3136, 371, '龙陵县', 1),
(3137, 371, '昌宁县', 1),
(3138, 372, '楚雄市', 1),
(3139, 372, '双柏县', 1),
(3140, 372, '牟定县', 1),
(3141, 372, '南华县', 1),
(3142, 372, '姚安县', 1),
(3143, 372, '大姚县', 1),
(3144, 372, '永仁县', 1),
(3145, 372, '元谋县', 1),
(3146, 372, '武定县', 1),
(3147, 372, '禄丰县', 1),
(3148, 373, '大理市', 1),
(3149, 373, '祥云县', 1),
(3150, 373, '宾川县', 1),
(3151, 373, '弥渡县', 1),
(3152, 373, '永平县', 1),
(3153, 373, '云龙县', 1),
(3154, 373, '洱源县', 1),
(3155, 373, '剑川县', 1),
(3156, 373, '鹤庆县', 1),
(3157, 373, '漾濞', 1),
(3158, 373, '南涧', 1),
(3159, 373, '巍山', 1),
(3160, 374, '潞西市', 1),
(3161, 374, '瑞丽市', 1),
(3162, 374, '梁河县', 1),
(3163, 374, '盈江县', 1),
(3164, 374, '陇川县', 1),
(3165, 375, '香格里拉县', 1),
(3166, 375, '德钦县', 1),
(3167, 375, '维西', 1),
(3168, 376, '泸西县', 1),
(3169, 376, '蒙自县', 1),
(3170, 376, '个旧市', 1),
(3171, 376, '开远市', 1),
(3172, 376, '绿春县', 1),
(3173, 376, '建水县', 1),
(3174, 376, '石屏县', 1),
(3175, 376, '弥勒县', 1),
(3176, 376, '元阳县', 1),
(3177, 376, '红河县', 1),
(3178, 376, '金平', 1),
(3179, 376, '河口', 1),
(3180, 376, '屏边', 1),
(3181, 377, '临翔区', 1),
(3182, 377, '凤庆县', 1),
(3183, 377, '云县', 1),
(3184, 377, '永德县', 1),
(3185, 377, '镇康县', 1),
(3186, 377, '双江', 1),
(3187, 377, '耿马', 1),
(3188, 377, '沧源', 1),
(3189, 378, '麒麟区', 1),
(3190, 378, '宣威市', 1),
(3191, 378, '马龙县', 1),
(3192, 378, '陆良县', 1),
(3193, 378, '师宗县', 1),
(3194, 378, '罗平县', 1),
(3195, 378, '富源县', 1),
(3196, 378, '会泽县', 1),
(3197, 378, '沾益县', 1),
(3198, 379, '文山县', 1),
(3199, 379, '砚山县', 1),
(3200, 379, '西畴县', 1),
(3201, 379, '麻栗坡县', 1),
(3202, 379, '马关县', 1),
(3203, 379, '丘北县', 1),
(3204, 379, '广南县', 1),
(3205, 379, '富宁县', 1),
(3206, 380, '景洪市', 1),
(3207, 380, '勐海县', 1),
(3208, 380, '勐腊县', 1),
(3209, 381, '红塔区', 1),
(3210, 381, '江川县', 1),
(3211, 381, '澄江县', 1),
(3212, 381, '通海县', 1),
(3213, 381, '华宁县', 1),
(3214, 381, '易门县', 1),
(3215, 381, '峨山', 1),
(3216, 381, '新平', 1),
(3217, 381, '元江', 1),
(3218, 382, '昭阳区', 1),
(3219, 382, '鲁甸县', 1),
(3220, 382, '巧家县', 1),
(3221, 382, '盐津县', 1),
(3222, 382, '大关县', 1),
(3223, 382, '永善县', 1),
(3224, 382, '绥江县', 1),
(3225, 382, '镇雄县', 1),
(3226, 382, '彝良县', 1),
(3227, 382, '威信县', 1),
(3228, 382, '水富县', 1),
(3229, 383, '西湖区', 1),
(3230, 383, '上城区', 1),
(3231, 383, '下城区', 1),
(3232, 383, '拱墅区', 1),
(3233, 383, '滨江区', 1),
(3234, 383, '江干区', 1),
(3235, 383, '萧山区', 1),
(3236, 383, '余杭区', 1),
(3237, 383, '市郊', 1),
(3238, 383, '建德市', 1),
(3239, 383, '富阳市', 1),
(3240, 383, '临安市', 1),
(3241, 383, '桐庐县', 1),
(3242, 383, '淳安县', 1),
(3243, 384, '吴兴区', 1),
(3244, 384, '南浔区', 1),
(3245, 384, '德清县', 1),
(3246, 384, '长兴县', 1),
(3247, 384, '安吉县', 1),
(3248, 385, '南湖区', 1),
(3249, 385, '秀洲区', 1),
(3250, 385, '海宁市', 1),
(3251, 385, '嘉善县', 1),
(3252, 385, '平湖市', 1),
(3253, 385, '桐乡市', 1),
(3254, 385, '海盐县', 1),
(3255, 386, '婺城区', 1),
(3256, 386, '金东区', 1),
(3257, 386, '兰溪市', 1),
(3258, 386, '市区', 1),
(3259, 386, '佛堂镇', 1),
(3260, 386, '上溪镇', 1),
(3261, 386, '义亭镇', 1),
(3262, 386, '大陈镇', 1),
(3263, 386, '苏溪镇', 1),
(3264, 386, '赤岸镇', 1),
(3265, 386, '东阳市', 1),
(3266, 386, '永康市', 1),
(3267, 386, '武义县', 1),
(3268, 386, '浦江县', 1),
(3269, 386, '磐安县', 1),
(3270, 387, '莲都区', 1),
(3271, 387, '龙泉市', 1),
(3272, 387, '青田县', 1),
(3273, 387, '缙云县', 1),
(3274, 387, '遂昌县', 1),
(3275, 387, '松阳县', 1),
(3276, 387, '云和县', 1),
(3277, 387, '庆元县', 1),
(3278, 387, '景宁', 1),
(3279, 388, '海曙区', 1),
(3280, 388, '江东区', 1),
(3281, 388, '江北区', 1),
(3282, 388, '镇海区', 1),
(3283, 388, '北仑区', 1),
(3284, 388, '鄞州区', 1),
(3285, 388, '余姚市', 1),
(3286, 388, '慈溪市', 1),
(3287, 388, '奉化市', 1),
(3288, 388, '象山县', 1),
(3289, 388, '宁海县', 1),
(3290, 389, '越城区', 1),
(3291, 389, '上虞市', 1),
(3292, 389, '嵊州市', 1),
(3293, 389, '绍兴县', 1),
(3294, 389, '新昌县', 1),
(3295, 389, '诸暨市', 1),
(3296, 390, '椒江区', 1),
(3297, 390, '黄岩区', 1),
(3298, 390, '路桥区', 1),
(3299, 390, '温岭市', 1),
(3300, 390, '临海市', 1),
(3301, 390, '玉环县', 1),
(3302, 390, '三门县', 1),
(3303, 390, '天台县', 1),
(3304, 390, '仙居县', 1),
(3305, 391, '鹿城区', 1),
(3306, 391, '龙湾区', 1),
(3307, 391, '瓯海区', 1),
(3308, 391, '瑞安市', 1),
(3309, 391, '乐清市', 1),
(3310, 391, '洞头县', 1),
(3311, 391, '永嘉县', 1),
(3312, 391, '平阳县', 1),
(3313, 391, '苍南县', 1),
(3314, 391, '文成县', 1),
(3315, 391, '泰顺县', 1),
(3316, 392, '定海区', 1),
(3317, 392, '普陀区', 1),
(3318, 392, '岱山县', 1),
(3319, 392, '嵊泗县', 1),
(3320, 393, '衢州市', 1),
(3321, 393, '江山市', 1),
(3322, 393, '常山县', 1),
(3323, 393, '开化县', 1),
(3324, 393, '龙游县', 1),
(3325, 394, '合川区', 1),
(3326, 394, '江津区', 1),
(3327, 394, '南川区', 1),
(3328, 394, '永川区', 1),
(3329, 394, '南岸区', 1),
(3330, 394, '渝北区', 1),
(3331, 394, '万盛区', 1),
(3332, 394, '大渡口区', 1),
(3333, 394, '万州区', 1),
(3334, 394, '北碚区', 1),
(3335, 394, '沙坪坝区', 1),
(3336, 394, '巴南区', 1),
(3337, 394, '涪陵区', 1),
(3338, 394, '江北区', 1),
(3339, 394, '九龙坡区', 1),
(3340, 394, '渝中区', 1),
(3341, 394, '黔江开发区', 1),
(3342, 394, '长寿区', 1),
(3343, 394, '双桥区', 1),
(3344, 394, '綦江县', 1),
(3345, 394, '潼南县', 1),
(3346, 394, '铜梁县', 1),
(3347, 394, '大足县', 1),
(3348, 394, '荣昌县', 1),
(3349, 394, '璧山县', 1),
(3350, 394, '垫江县', 1),
(3351, 394, '武隆县', 1),
(3352, 394, '丰都县', 1),
(3353, 394, '城口县', 1),
(3354, 394, '梁平县', 1),
(3355, 394, '开县', 1),
(3356, 394, '巫溪县', 1),
(3357, 394, '巫山县', 1),
(3358, 394, '奉节县', 1),
(3359, 394, '云阳县', 1),
(3360, 394, '忠县', 1),
(3361, 394, '石柱', 1),
(3362, 394, '彭水', 1),
(3363, 394, '酉阳', 1),
(3364, 394, '秀山', 1),
(3365, 395, '沙田区', 1),
(3366, 395, '东区', 1),
(3367, 395, '观塘区', 1),
(3368, 395, '黄大仙区', 1),
(3369, 395, '九龙城区', 1),
(3370, 395, '屯门区', 1),
(3371, 395, '葵青区', 1),
(3372, 395, '元朗区', 1),
(3373, 395, '深水埗区', 1),
(3374, 395, '西贡区', 1),
(3375, 395, '大埔区', 1),
(3376, 395, '湾仔区', 1),
(3377, 395, '油尖旺区', 1),
(3378, 395, '北区', 1),
(3379, 395, '南区', 1),
(3380, 395, '荃湾区', 1),
(3381, 395, '中西区', 1),
(3382, 395, '离岛区', 1),
(3383, 396, '澳门', 1),
(3384, 397, '台北', 1),
(3385, 397, '高雄', 1),
(3386, 397, '基隆', 1),
(3387, 397, '台中', 1),
(3388, 397, '台南', 1),
(3389, 397, '新竹', 1),
(3390, 397, '嘉义', 1),
(3391, 397, '宜兰县', 1),
(3392, 397, '桃园县', 1),
(3393, 397, '苗栗县', 1),
(3394, 397, '彰化县', 1),
(3395, 397, '南投县', 1),
(3396, 397, '云林县', 1),
(3397, 397, '屏东县', 1),
(3398, 397, '台东县', 1),
(3399, 397, '花莲县', 1),
(3400, 397, '澎湖县', 1),
(3401, 3, '合肥', 1),
(3402, 3401, '庐阳区', 1),
(3403, 3401, '瑶海区', 1),
(3404, 3401, '蜀山区', 1),
(3405, 3401, '包河区', 1),
(3406, 3401, '长丰县', 1),
(3407, 3401, '肥东县', 1),
(3408, 3401, '肥西县', 1),
(3409, 0, 'East Timor', 1),
(3410, 0, 'Ecuador', 1),
(3411, 0, 'Egypt', 1),
(3412, 0, 'El Salvador', 1),
(3413, 0, 'Equatorial Guinea', 1),
(3414, 0, 'Eritrea', 1),
(3415, 0, 'Estonia', 1),
(3416, 0, 'Ethiopia', 1),
(3417, 0, 'Fiji', 1),
(3418, 0, 'Finland', 1),
(3419, 0, 'France', 1),
(3420, 0, 'Gabon', 1),
(3421, 0, 'Gambia, The', 1),
(3422, 0, 'Georgia', 1),
(3423, 0, 'Germany', 1),
(3424, 0, 'Ghana', 1),
(3425, 0, 'Greece', 1),
(3426, 0, 'Grenada', 1),
(3427, 0, 'Guatemala', 1),
(3428, 0, 'Guinea', 1),
(3429, 0, 'Guinea-Bissau', 1),
(3430, 0, 'Guyana', 1),
(3431, 0, 'Haiti', 1),
(3432, 0, 'Holy See', 1),
(3433, 0, 'Honduras', 1),
(3434, 0, 'Hong Kong', 1),
(3435, 0, 'Hungary', 1),
(3436, 0, 'Iceland', 1),
(3437, 0, 'India', 1),
(3438, 0, 'Indonesia', 1),
(3439, 0, 'Iran', 1),
(3440, 0, 'Iraq', 1),
(3441, 0, 'Ireland', 1),
(3442, 0, 'Israel', 1),
(3443, 0, 'Italy', 1),
(3444, 0, 'Jamaica', 1),
(3445, 0, 'Japan', 1),
(3446, 0, 'Jordan', 1),
(3447, 0, 'Kazakhstan', 1),
(3448, 0, 'Kenya', 1),
(3449, 0, 'Kiribati', 1),
(3450, 0, 'Korea, North', 1),
(3451, 0, 'Korea, South', 1),
(3452, 0, 'Kosovo', 1),
(3453, 0, 'Kuwait', 1),
(3454, 0, 'Kyrgyzstan', 1),
(3455, 0, 'Laos', 1),
(3456, 0, 'Latvia', 1),
(3457, 0, 'Lebanon', 1),
(3458, 0, 'Lesotho', 1),
(3459, 0, 'Liberia', 1),
(3460, 0, 'Libya', 1),
(3461, 0, 'Liechtenstein', 1),
(3462, 0, 'Lithuania', 1),
(3463, 0, 'Luxembourg', 1),
(3464, 0, 'Macau', 1),
(3465, 0, 'Macedonia', 1),
(3466, 0, 'Madagascar', 1),
(3467, 0, 'Malawi', 1),
(3468, 0, 'Malaysia', 1),
(3469, 0, 'Maldives', 1),
(3470, 0, 'Mali', 1),
(3471, 0, 'Malta', 1),
(3472, 0, 'Marshall Islands', 1),
(3473, 0, 'Mauritania', 1),
(3474, 0, 'Mauritius', 1),
(3475, 0, 'Mexico', 1),
(3476, 0, 'Micronesia', 1),
(3477, 0, 'Moldova', 1),
(3478, 0, 'Monaco', 1),
(3479, 0, 'Mongolia', 1),
(3480, 0, 'Montenegro', 1),
(3481, 0, 'Morocco', 1),
(3482, 0, 'Mozambique', 1),
(3483, 0, 'Namibia', 1),
(3484, 0, 'Nauru', 1),
(3485, 0, 'Nepal', 1),
(3486, 0, 'Netherlands', 1),
(3487, 0, 'New Zealand', 1),
(3488, 0, 'Nicaragua', 1),
(3489, 0, 'Niger', 1),
(3490, 0, 'Nigeria', 1),
(3491, 0, 'North Korea', 1),
(3492, 0, 'Norway', 1),
(3493, 0, 'Oman', 1),
(3494, 0, 'Pakistan', 1),
(3495, 0, 'Palau', 1),
(3496, 0, 'Palestinian Territories', 1),
(3497, 0, 'Panama', 1),
(3498, 0, 'Papua New Guinea', 1),
(3499, 0, 'Paraguay', 1),
(3500, 0, 'Peru', 1),
(3501, 0, 'Philippines', 1),
(3502, 0, 'Poland', 1),
(3503, 0, 'Portugal', 1),
(3504, 0, 'Qatar', 1),
(3505, 0, 'Romania', 1),
(3506, 0, 'Russia', 1),
(3507, 0, 'Rwanda', 1),
(3508, 0, 'Saint Kitts and Nevis', 1),
(3509, 0, 'Saint Lucia', 1),
(3510, 0, 'Saint Vincent and the Grenadines', 1),
(3511, 0, 'Samoa', 1),
(3512, 0, 'San Marino', 1),
(3513, 0, 'Sao Tome and Principe', 1),
(3514, 0, 'Saudi Arabia', 1),
(3515, 0, 'Senegal', 1),
(3516, 0, 'Serbia', 1),
(3517, 0, 'Seychelles', 1),
(3518, 0, 'Sierra Leone', 1),
(3519, 0, 'Singapore', 1),
(3520, 0, 'Sint Maarten', 1),
(3521, 0, 'Slovakia', 1),
(3522, 0, 'Slovenia', 1),
(3523, 0, 'Solomon Islands', 1),
(3524, 0, 'Somalia', 1),
(3525, 0, 'South Africa', 1),
(3526, 0, 'South Korea', 1),
(3527, 0, 'South Sudan', 1),
(3528, 0, 'Spain', 1),
(3529, 0, 'Sri Lanka', 1),
(3530, 0, 'Sudan', 1),
(3531, 0, 'Suriname', 1),
(3532, 0, 'Swaziland', 1),
(3533, 0, 'Sweden', 1),
(3534, 0, 'Switzerland', 1),
(3535, 0, 'Syria', 1),
(3536, 0, 'Taiwan', 1),
(3537, 0, 'Tajikistan', 1),
(3538, 0, 'Tanzania', 1),
(3539, 0, 'Thailand', 1),
(3540, 0, 'Timor-Leste', 1),
(3541, 0, 'Togo', 1),
(3542, 0, 'Tonga', 1),
(3543, 0, 'Trinidad and Tobago', 1),
(3544, 0, 'Tunisia', 1),
(3545, 0, 'Turkey', 1),
(3546, 0, 'Turkmenistan', 1),
(3547, 0, 'Tuvalu', 1),
(3548, 0, 'Uganda', 1),
(3549, 0, 'Ukraine', 1),
(3550, 0, 'United Arab Emirates', 1),
(3551, 0, 'United Kingdom', 1),
(3552, 0, 'Uruguay', 1),
(3553, 0, 'Uzbekistan', 1),
(3554, 0, 'Vanuatu', 1),
(3555, 0, 'Venezuela', 1),
(3556, 0, 'Vietnam', 1),
(3557, 0, 'Yemen', 1),
(3558, 0, 'Zambia', 1),
(3559, 0, 'Zimbabwe', 1);

-- --------------------------------------------------------

--
-- 表的结构 `jd_brands`
--

CREATE TABLE IF NOT EXISTS `jd_brands` (
  `brandId` int(11) NOT NULL AUTO_INCREMENT COMMENT '品牌id',
  `brandName` char(32) CHARACTER SET utf8 COLLATE utf8_bin DEFAULT NULL COMMENT '品牌名称',
  `create_time` int(11) NOT NULL COMMENT '创建时间',
  `updata_time` int(11) NOT NULL COMMENT '修改时间',
  `status` tinyint(1) NOT NULL DEFAULT '1' COMMENT '状态 1->启用 0->关闭',
  PRIMARY KEY (`brandId`),
  KEY `status` (`status`)
) ENGINE=MyISAM  DEFAULT CHARSET=utf8 COMMENT='品牌表' AUTO_INCREMENT=38 ;

--
-- 转存表中的数据 `jd_brands`
--

INSERT INTO `jd_brands` (`brandId`, `brandName`, `create_time`, `updata_time`, `status`) VALUES
(1, '联想 ThinkPad', 0, 0, 1),
(2, '联想（Lenovo）', 0, 0, 1),
(3, '华硕（ASUS）', 0, 0, 1),
(4, '宏碁（acer）', 0, 0, 1),
(5, '戴尔（DELL）', 0, 0, 1),
(6, '惠普（HP）', 0, 0, 1),
(7, '苹果（Apple）', 0, 0, 1),
(8, '神舟（HASEE）', 0, 0, 1),
(9, '三星（SAMSUNG）', 0, 0, 1),
(11, '雷神（ThundeRobot）', 0, 0, 1),
(12, '微星（msi）', 0, 0, 1),
(13, '东芝（TOSHIBA）', 0, 0, 1),
(14, '未来人类（Terrans Force）', 0, 0, 1),
(15, '清华同方（THTF）', 0, 0, 1),
(16, '得峰（deff）', 0, 0, 1),
(17, '海尔（Haier）', 0, 0, 1),
(18, '外星人（Alienware）', 0, 0, 1),
(19, '机械革命（MECHREVO）', 0, 0, 1),
(20, '富士通（Fujitsu', 0, 0, 1),
(21, '七喜（HEDY）', 0, 0, 1),
(22, '索尼（SONY）', 0, 0, 1),
(23, '小米(MI)', 0, 0, 1),
(24, '华为( HUAWEI )', 0, 0, 1),
(25, '酷比魔方 ( CUBE )', 0, 0, 1),
(26, '酷派', 0, 0, 1),
(27, '亿色 (ESR)', 0, 0, 1),
(28, '罗技 (Logitech)', 0, 0, 1),
(29, '酷乐博 (CRAB)', 0, 0, 1),
(30, '贝尔金 (BELKIN)', 0, 0, 1),
(31, '乐歌 (Loctek)', 0, 0, 1),
(32, 'BIAZE', 0, 0, 1),
(33, 'dostyle', 0, 0, 1),
(34, '瑞士军刀 (Swissgear)', 0, 0, 1),
(35, '步箭 (Bujian)', 0, 0, 1),
(36, '瑞士瑞动(SWISSMOBILITY)', 0, 0, 1),
(37, 'he heh', 0, 0, 1);

-- --------------------------------------------------------

--
-- 表的结构 `jd_callback`
--

CREATE TABLE IF NOT EXISTS `jd_callback` (
  `callbackId` int(11) NOT NULL AUTO_INCREMENT COMMENT 'id',
  `prodId` int(11) NOT NULL COMMENT '商品id 对应jd_prods表id',
  `userName` char(50) NOT NULL COMMENT '回复人昵称',
  `objectId` int(11) DEFAULT NULL COMMENT '回复对象的用户id',
  `objectName` char(50) NOT NULL COMMENT '回复对象的昵称',
  `cbContent` text NOT NULL COMMENT '回复内容',
  `cbTime` int(11) NOT NULL COMMENT '回复时间',
  `status` int(11) NOT NULL DEFAULT '0' COMMENT '回复状态',
  PRIMARY KEY (`callbackId`)
) ENGINE=MyISAM  DEFAULT CHARSET=utf8 COMMENT='评论回复表' AUTO_INCREMENT=4 ;

--
-- 转存表中的数据 `jd_callback`
--

INSERT INTO `jd_callback` (`callbackId`, `prodId`, `userName`, `objectId`, `objectName`, `cbContent`, `cbTime`, `status`) VALUES
(1, 2, 'whya', 7, 'whya', '劳动监察', 1412913961, 1),
(2, 2, 'dandan', 7, 'whya', '大富豪vpinfpivjn', 1412914279, 0),
(3, 1, 'wangming', 1, 'wangming', 'welkrughoeiuwgfr', 1412923992, 0);

-- --------------------------------------------------------

--
-- 表的结构 `jd_cctptypes`
--

CREATE TABLE IF NOT EXISTS `jd_cctptypes` (
  `cctptypeId` smallint(6) NOT NULL AUTO_INCREMENT COMMENT 'id',
  `cctptypeName` char(24) CHARACTER SET utf8 COLLATE utf8_unicode_ci NOT NULL COMMENT '分类id 逗号分割 对应jd_proType表的proTypeId',
  `indexCCId` smallint(6) NOT NULL COMMENT '父级id 对应jd_indexccdhl表的indexCCId',
  `status` tinyint(1) NOT NULL DEFAULT '1' COMMENT '状态 1->启用 0->禁用',
  PRIMARY KEY (`cctptypeId`),
  KEY `indexCCId` (`indexCCId`),
  KEY `status` (`status`),
  KEY `cotegory` (`indexCCId`,`status`)
) ENGINE=MyISAM  DEFAULT CHARSET=utf8 COMMENT='左侧导航商品总分类表' AUTO_INCREMENT=16 ;

--
-- 转存表中的数据 `jd_cctptypes`
--

INSERT INTO `jd_cctptypes` (`cctptypeId`, `cctptypeName`, `indexCCId`, `status`) VALUES
(1, '0,1,15,', 22, 1),
(2, '0,1,19,', 23, 1),
(3, '0,2,99', 15, 1),
(4, '0,3,174', 18, 1),
(5, '0,4,213', 19, 1),
(6, '0,5,267', 24, 1),
(7, '0,6,330', 29, 1),
(8, '0,7,390', 32, 1),
(9, '0,8,430', 34, 1),
(10, '0,9,489', 37, 1),
(11, '0,10,536', 38, 1),
(12, '0,11,574', 39, 1),
(13, '0,12,610', 42, 1),
(14, '0,13,655', 44, 1),
(15, '0,14,697', 46, 1);

-- --------------------------------------------------------

--
-- 表的结构 `jd_colors`
--

CREATE TABLE IF NOT EXISTS `jd_colors` (
  `colorId` smallint(6) NOT NULL AUTO_INCREMENT COMMENT '颜色id',
  `colorName` char(12) CHARACTER SET utf8 COLLATE utf8_unicode_ci NOT NULL COMMENT '颜色名称',
  `rgb` char(32) DEFAULT NULL COMMENT '颜色参数',
  `rgbimg` char(100) DEFAULT NULL COMMENT '颜色图片',
  `create_time` int(11) NOT NULL COMMENT '创建时间',
  `updata_time` int(11) NOT NULL COMMENT '修改时间',
  `status` tinyint(1) NOT NULL DEFAULT '1' COMMENT '状态 1->启用 0->禁用',
  PRIMARY KEY (`colorId`),
  KEY `status` (`status`)
) ENGINE=MyISAM  DEFAULT CHARSET=utf8 COMMENT='颜色表' AUTO_INCREMENT=9 ;

--
-- 转存表中的数据 `jd_colors`
--

INSERT INTO `jd_colors` (`colorId`, `colorName`, `rgb`, `rgbimg`, `create_time`, `updata_time`, `status`) VALUES
(1, '黑色', NULL, NULL, 0, 0, 1),
(2, '白色', NULL, NULL, 0, 0, 1),
(3, '灰色', NULL, NULL, 0, 0, 1),
(4, '红色', NULL, NULL, 0, 0, 1),
(5, '紫色', NULL, NULL, 0, 0, 1),
(6, '银色', 'E6E8FA', '2014-10-03/sm_542eac36eee1d.jpg', 0, 0, 1),
(8, 'tu hao jin', 'f98768', '2014-10-10/sm_54377b7d71ed4.jpg', 0, 0, 1);

-- --------------------------------------------------------

--
-- 表的结构 `jd_comments`
--

CREATE TABLE IF NOT EXISTS `jd_comments` (
  `commentsId` int(11) NOT NULL AUTO_INCREMENT,
  `uId` int(11) NOT NULL COMMENT '评论人id',
  `cId` int(11) NOT NULL COMMENT '商品id',
  `commentsdj` tinyint(1) NOT NULL COMMENT '评论等级1，2，3   1->好评 2->中评 3->差评',
  `commentsBId` int(11) NOT NULL COMMENT '评论回复id',
  `content` text NOT NULL COMMENT '评论内容',
  `status` int(11) NOT NULL DEFAULT '0' COMMENT '显示状态 0->显示 1->不显示',
  `commentsTime` int(11) NOT NULL COMMENT '评论时间',
  `Gcode` int(11) NOT NULL COMMENT '商品评分 1-5 5分最好',
  `Scode` int(11) NOT NULL COMMENT '服务评分 1-5 5分最好',
  `Tcode` int(11) NOT NULL COMMENT '物流评分 1-5 5分最高',
  `mjyx` text NOT NULL COMMENT '卖家印象',
  `is_delete` int(11) NOT NULL DEFAULT '0',
  PRIMARY KEY (`commentsId`),
  KEY `uId` (`uId`),
  KEY `cId` (`cId`),
  KEY `status` (`status`),
  KEY `is_delete` (`is_delete`),
  KEY `is_delete_2` (`is_delete`)
) ENGINE=MyISAM  DEFAULT CHARSET=utf8 COMMENT='商品评论表' AUTO_INCREMENT=5 ;

--
-- 转存表中的数据 `jd_comments`
--

INSERT INTO `jd_comments` (`commentsId`, `uId`, `cId`, `commentsdj`, `commentsBId`, `content`, `status`, `commentsTime`, `Gcode`, `Scode`, `Tcode`, `mjyx`, `is_delete`) VALUES
(1, 7, 2, 1, 1, '偶就搜等级', 0, 1412913931, 5, 5, 5, '1,5,4', 0),
(2, 1, 1, 1, 1, 'dwwefew', 0, 1412923973, 5, 5, 5, '2,3', 0),
(3, 13, 1, 1, 1, '好', 0, 1472046862, 5, 5, 5, '0', 0),
(4, 13, 1, 1, 1, '好', 0, 1472046996, 5, 5, 5, '2', 0);

-- --------------------------------------------------------

--
-- 表的结构 `jd_details`
--

CREATE TABLE IF NOT EXISTS `jd_details` (
  `detailId` int(11) NOT NULL AUTO_INCREMENT COMMENT '详情id',
  `orderId` int(11) NOT NULL COMMENT '订单id 对应jd_ordes表的id',
  `productId` int(11) NOT NULL COMMENT '产品id 对应jd_prods表的id',
  `amount` int(11) NOT NULL COMMENT '订购数量',
  `price` double(8,2) DEFAULT NULL COMMENT '订购单价',
  PRIMARY KEY (`detailId`),
  KEY `orderId` (`orderId`),
  KEY `productId` (`productId`)
) ENGINE=MyISAM  DEFAULT CHARSET=utf8 COMMENT='订单详情表' AUTO_INCREMENT=24 ;

--
-- 转存表中的数据 `jd_details`
--

INSERT INTO `jd_details` (`detailId`, `orderId`, `productId`, `amount`, `price`) VALUES
(1, 1, 1, 2, 3999.00),
(2, 1, 2, 2, 4300.00),
(3, 2, 46, 1, 2999.00),
(4, 2, 33, 1, 4699.00),
(5, 3, 42, 1, 3999.00),
(6, 3, 41, 1, 4199.00),
(7, 3, 40, 1, 4499.00),
(8, 4, 42, 1, 3999.00),
(9, 5, 79, 1, 1488.00),
(10, 6, 50, 1, 7388.00),
(11, 7, 33, 1, 4699.00),
(12, 8, 39, 1, 4499.00),
(13, 9, 2, 1, 3599.00),
(14, 10, 33, 1, 4699.00),
(15, 11, 33, 1, 4699.00),
(16, 11, 50, 1, 7388.00),
(17, 11, 39, 1, 4499.00),
(18, 11, 2, 1, 3599.00),
(19, 12, 60, 1, 3799.00),
(20, 12, 4, 1, 2999.00),
(21, 13, 1, 1, 3900.00),
(22, 14, 1, 1, 3900.00),
(23, 15, 1, 1, 3900.00);

-- --------------------------------------------------------

--
-- 表的结构 `jd_gendars`
--

CREATE TABLE IF NOT EXISTS `jd_gendars` (
  `id` int(11) NOT NULL AUTO_INCREMENT,
  `gendarId` tinyint(4) NOT NULL DEFAULT '0' COMMENT '性别id',
  `gendarName` char(6) CHARACTER SET utf8 COLLATE utf8_unicode_ci NOT NULL COMMENT '性别名称',
  `status` tinyint(1) NOT NULL DEFAULT '1' COMMENT '状态 1->启用 0->禁用',
  PRIMARY KEY (`id`),
  UNIQUE KEY `gendarId` (`gendarId`) USING BTREE,
  KEY `status` (`status`)
) ENGINE=MyISAM  DEFAULT CHARSET=utf8 COMMENT='性别表' AUTO_INCREMENT=4 ;

--
-- 转存表中的数据 `jd_gendars`
--

INSERT INTO `jd_gendars` (`id`, `gendarId`, `gendarName`, `status`) VALUES
(1, 0, '男', 1),
(2, 1, '女', 1),
(3, 2, '中性', 1);

-- --------------------------------------------------------

--
-- 表的结构 `jd_glyadmins`
--

CREATE TABLE IF NOT EXISTS `jd_glyadmins` (
  `adminId` int(11) NOT NULL AUTO_INCREMENT COMMENT '管理员id',
  `uname` char(32) NOT NULL COMMENT '管理员账户',
  `upwd` char(32) NOT NULL COMMENT '管理员密码 md5一次',
  `nickName` char(24) NOT NULL COMMENT '管理员昵称',
  `levelId` tinyint(4) NOT NULL COMMENT '角色id ',
  `isdeleted` tinyint(1) NOT NULL DEFAULT '0' COMMENT '是否禁用 1->是 0->否',
  PRIMARY KEY (`adminId`),
  UNIQUE KEY `uname` (`uname`),
  KEY `levelId` (`levelId`),
  KEY `isdeleted` (`isdeleted`)
) ENGINE=MyISAM  DEFAULT CHARSET=utf8 COMMENT='后台管理员表' AUTO_INCREMENT=13 ;

--
-- 转存表中的数据 `jd_glyadmins`
--

INSERT INTO `jd_glyadmins` (`adminId`, `uname`, `upwd`, `nickName`, `levelId`, `isdeleted`) VALUES
(1, 'admin', '4297f44b13955235245b2497399d7a93', 'superman', 1, 0),
(4, 'xiaoming', '97304531204ef7431330c20427d95481', 'gouming', 1, 0),
(5, 'wangyonghui', '2699748a7993f7f8cb0d5dd23079164a', 'huofu', 2, 0),
(7, 'hanzhao', '52e884f3efc92155c69e58391136ac94', 'doubi', 2, 0),
(9, 'yueyue', '0b4e7a0e5fe84ad35fb5f95b9ceeac79', 'daming', 2, 0),
(10, 'mengmeng', '0b4e7a0e5fe84ad35fb5f95b9ceeac79', 'daming', 4, 0),
(11, 'yulong', '750bd40e24dce480211730af5f0f3bf8', 'yuwanglong', 2, 0),
(12, 'dandan', '4ba715503ca0b64f5d52d816dcae75e0', 'dandanw', 3, 0);

-- --------------------------------------------------------

--
-- 表的结构 `jd_indexccdhl`
--

CREATE TABLE IF NOT EXISTS `jd_indexccdhl` (
  `indexCCId` smallint(6) NOT NULL AUTO_INCREMENT COMMENT 'id',
  `indexCC` char(12) CHARACTER SET utf8 COLLATE utf8_unicode_ci NOT NULL COMMENT '导航栏名称',
  `indexCCPid` smallint(6) NOT NULL COMMENT '父级id',
  `indexCCDWZ` char(128) DEFAULT NULL COMMENT '分类路径 对应jd_proType表proTypeId /外链地址',
  `is_outside` tinyint(1) NOT NULL DEFAULT '0' COMMENT '是否外链 1->是 0->否',
  `status` tinyint(1) NOT NULL DEFAULT '1' COMMENT '状态 1->启用 0->禁用',
  PRIMARY KEY (`indexCCId`),
  KEY `is_outside` (`is_outside`),
  KEY `status` (`status`),
  KEY `category` (`is_outside`,`status`),
  KEY `indexCCPid` (`indexCCPid`)
) ENGINE=MyISAM  DEFAULT CHARSET=utf8 COMMENT='首页橱窗导航栏表' AUTO_INCREMENT=49 ;

--
-- 转存表中的数据 `jd_indexccdhl`
--

INSERT INTO `jd_indexccdhl` (`indexCCId`, `indexCC`, `indexCCPid`, `indexCCDWZ`, `is_outside`, `status`) VALUES
(1, '图书', 0, '0,2,99', 0, 1),
(2, '家电', 0, '0,3,174', 0, 1),
(3, '手机通信', 0, '0,4,213', 0, 1),
(4, '电脑办公', 0, '0,1,15', 0, 1),
(5, '家居', 0, '0,5,267', 0, 1),
(6, '服饰', 0, '0,6,330', 0, 1),
(7, '美妆', 0, '0,7,390', 0, 1),
(8, '奢侈', 0, '0,8,430', 0, 1),
(9, '户外', 0, '0,9,489', 0, 1),
(10, '汽车用品', 0, '0,10,536', 0, 1),
(11, '母婴', 0, '0,11,574', 0, 1),
(12, '食品', 0, '0,12,610', 0, 1),
(13, '营养保健', 0, '0,13,655', 0, 1),
(14, '其它', 0, '0,14,697', 0, 1),
(15, '图书', 1, 'http://www.jbook.com', 1, 1),
(16, '音像', 1, 'http://www.yxtuwen.com.com', 1, 1),
(17, '数字商品', 1, '', 0, 1),
(18, '家用电器', 2, '', 0, 1),
(19, '手机', 3, 'http://www.baidu.com', 1, 1),
(20, '数码', 3, '', 0, 1),
(21, '京东通信', 3, '', 0, 1),
(22, '电脑', 4, '', 0, 1),
(23, '办公', 4, '', 0, 1),
(24, '家居', 5, '', 0, 1),
(25, '家具', 5, '', 0, 1),
(26, '家装', 5, '', 0, 1),
(27, '厨具', 5, '', 0, 1),
(28, '男装', 6, '', 0, 1),
(29, '女装', 6, '', 0, 1),
(30, '内衣', 6, '', 0, 1),
(31, '珠宝', 6, '', 0, 1),
(32, '个护化妆', 7, '', 0, 1),
(33, '鞋靴', 8, '', 0, 1),
(34, '箱包', 8, '', 0, 1),
(35, '钟表', 8, '', 0, 1),
(36, '奢侈品', 8, '', 0, 1),
(37, '运动户外', 9, '', 0, 1),
(38, '汽车用品', 10, '', 0, 1),
(39, '母婴', 11, '', 0, 1),
(40, '玩具乐器', 11, '', 0, 1),
(41, '食品饮料', 12, '', 0, 1),
(42, '酒类', 12, '', 0, 1),
(43, '生鲜', 12, '', 0, 1),
(44, '营养保健', 13, '', 0, 1),
(45, '彩票', 14, '', 0, 1),
(46, '旅行', 14, '', 0, 1),
(47, '充值', 14, '', 0, 1),
(48, '票务', 14, '', 0, 1);

-- --------------------------------------------------------

--
-- 表的结构 `jd_levels`
--

CREATE TABLE IF NOT EXISTS `jd_levels` (
  `levelId` tinyint(4) NOT NULL,
  `levelName` char(24) CHARACTER SET utf8 COLLATE utf8_unicode_ci NOT NULL
) ENGINE=MyISAM DEFAULT CHARSET=utf8 COMMENT='管理员角色表';

--
-- 转存表中的数据 `jd_levels`
--

INSERT INTO `jd_levels` (`levelId`, `levelName`) VALUES
(1, '超级管理员'),
(2, '高级管理员'),
(3, '中级管理员'),
(4, '初级管理员');

-- --------------------------------------------------------

--
-- 表的结构 `jd_links`
--

CREATE TABLE IF NOT EXISTS `jd_links` (
  `linkId` int(11) NOT NULL AUTO_INCREMENT COMMENT 'id',
  `linkname` char(56) NOT NULL COMMENT '网站名 连接名',
  `logo` char(54) NOT NULL COMMENT 'logo地址',
  `url` char(54) NOT NULL COMMENT '连接地址',
  `siteIntro` char(54) NOT NULL COMMENT '网站介绍',
  `status` tinyint(1) NOT NULL DEFAULT '0' COMMENT '显示状态 1->显示 0->不显示',
  `audit` tinyint(1) NOT NULL DEFAULT '0' COMMENT '是否审核 1->已审核 0->未审核',
  `seriation` tinyint(1) NOT NULL DEFAULT '0' COMMENT '排序 越大越前',
  `webmaster` char(54) NOT NULL COMMENT '网站管理员',
  `email` char(54) NOT NULL COMMENT '邮箱地址',
  PRIMARY KEY (`linkId`),
  UNIQUE KEY `url` (`url`),
  KEY `status` (`status`),
  KEY `audit` (`audit`)
) ENGINE=MyISAM  DEFAULT CHARSET=utf8 COMMENT='友情连接表' AUTO_INCREMENT=23 ;

--
-- 转存表中的数据 `jd_links`
--

INSERT INTO `jd_links` (`linkId`, `linkname`, `logo`, `url`, `siteIntro`, `status`, `audit`, `seriation`, `webmaster`, `email`) VALUES
(1, '意象', '', 'http://www.yxtuwen.net', 'php培训', 1, 1, 0, '张三', 'zhangsan@163.com'),
(2, '百度', '', 'http://www.baidu.com', '百度引擎', 1, 1, 1, '李四', 'lisi@163.com'),
(3, '京东', '', 'http://www.jd.com', '京东商城', 1, 1, 2, '京东', 'jd@163.com'),
(4, '腾讯', '', 'http://www.qq.com', 'qq', 1, 1, 3, '腾讯', 'tengxun@qq.com'),
(5, '淘宝', '', 'http://www.taobao.com', '淘宝', 1, 1, 5, '淘宝', 'taobao@163.com'),
(6, '天猫', '', 'http://www.tmall.com', '天猫', 1, 1, 4, '天猫', 'tianmao@163.com'),
(7, '优酷', '', 'http://www.youku.com', '优酷', 1, 1, 6, '优酷', 'youku@163.com'),
(8, '土豆', '', 'http://www.tudou.com/', '土豆', 1, 1, 7, '土豆', 'tudou@163.com'),
(9, '网易', '', 'http://www.163.com/', '网易', 1, 1, 8, '网易', 'wangyi@163.com'),
(10, '太平洋', '', 'http://www.pconline.com.cn', '太平洋', 1, 1, 9, '太平洋', 'taipingyang@163.com'),
(11, '世纪佳缘', '', 'http://www.jiayuan.com/', '世纪佳缘', 1, 1, 10, '世纪佳缘', 'sjjy@163.com'),
(12, '58 同 城', '', 'http://www.58.com', '58 同 城', 1, 1, 11, '58 同 城', 'wuba@163.com'),
(13, '赶 集 网', '', 'http://www.ganji.com', '赶 集 网', 1, 1, 12, '赶 集 网', 'ganji@163.com'),
(14, '起点', '', 'http://www.qidian.com', '起点', 1, 1, 13, '起点', 'qidian@163.com'),
(15, '当 当 网', '', 'http://www.dangdang.com', '当 当 网', 1, 1, 14, '当 当 网', 'dangdang@163.com'),
(16, '新浪', '', 'http://www.sina.com.cn/', '新浪', 1, 1, 15, '新浪', 'xinlang@163.com'),
(17, '搜狐', '', 'http://www.sohu.com', '搜狐', 1, 1, 16, '搜狐', 'sohu@163.com'),
(18, '人人网', '', 'http://www.renren.com/', '人人网', 1, 1, 17, '人人网', 'renren@163.com'),
(19, '美团网', '', 'www.MeiTuan.com', '美团网', 1, 1, 19, '美团网', 'meituan@163.com'),
(20, '拉手网', '', 'http://www.lashou.com/', '拉手网', 1, 1, 20, '拉手网', 'lashou@163.com'),
(21, '爱奇艺', '', 'http://www.iqiyi.com', '爱奇艺', 1, 1, 0, '爱奇艺', 'aiqiyi@163.com'),
(22, 'aaaaaa', '', 'http://aaaaaaaaa', 'saasdsa', 1, 1, 0, 'aaaaaa', '11@222.COM');

-- --------------------------------------------------------

--
-- 表的结构 `jd_logincount`
--

CREATE TABLE IF NOT EXISTS `jd_logincount` (
  `countId` int(11) NOT NULL AUTO_INCREMENT COMMENT '统计id',
  `adminId` int(11) NOT NULL COMMENT '管理员id',
  `loginNum` int(11) NOT NULL DEFAULT '0' COMMENT '总登陆次数',
  `lastTime` int(11) NOT NULL COMMENT '上次登陆时间',
  `lastIP` bigint(20) NOT NULL COMMENT '上次登陆ip',
  PRIMARY KEY (`countId`),
  KEY `adminId` (`adminId`)
) ENGINE=MyISAM  DEFAULT CHARSET=utf8 COMMENT='管理员登陆统计表' AUTO_INCREMENT=11 ;

--
-- 转存表中的数据 `jd_logincount`
--

INSERT INTO `jd_logincount` (`countId`, `adminId`, `loginNum`, `lastTime`, `lastIP`) VALUES
(1, 4, 7, 1413184478, 0),
(2, 5, 2, 1412655091, 0),
(3, 6, 2, 1412576307, 0),
(4, 7, 0, 0, 0),
(5, 8, 5, 1412902758, 0),
(6, 9, 6, 1412861196, 0),
(7, 10, 0, 0, 0),
(8, 11, 6, 1412923341, 0),
(9, 12, 4, 1412920782, 0),
(10, 12, 4, 1412920782, 0);

-- --------------------------------------------------------

--
-- 表的结构 `jd_messages`
--

CREATE TABLE IF NOT EXISTS `jd_messages` (
  `messageId` int(11) unsigned NOT NULL AUTO_INCREMENT,
  `adminId` int(11) NOT NULL COMMENT '管理员id',
  `userId` int(11) NOT NULL COMMENT '用户id',
  `title` varchar(255) NOT NULL COMMENT '标题',
  `message` text NOT NULL COMMENT '内容',
  `statue` tinyint(1) NOT NULL DEFAULT '1' COMMENT '信息查看状态 1->未查看 2->已查看',
  `receiverDel` tinyint(1) NOT NULL DEFAULT '1' COMMENT '接收者删除信息状态  1->未删除 2->已删除',
  `sendTime` int(11) NOT NULL COMMENT '发送时间',
  PRIMARY KEY (`messageId`),
  KEY `adminId` (`adminId`),
  KEY `userId` (`userId`),
  KEY `statue` (`statue`),
  KEY `receiverDel` (`receiverDel`)
) ENGINE=MyISAM  DEFAULT CHARSET=utf8 COMMENT='站内信息表' AUTO_INCREMENT=3 ;

--
-- 转存表中的数据 `jd_messages`
--

INSERT INTO `jd_messages` (`messageId`, `adminId`, `userId`, `title`, `message`, `statue`, `receiverDel`, `sendTime`) VALUES
(1, 1, 2, 'xiaoming', 'dandandandfandfdnandfdfd', 2, 1, 1412855680);

-- --------------------------------------------------------

--
-- 表的结构 `jd_orders`
--

CREATE TABLE IF NOT EXISTS `jd_orders` (
  `orderId` int(11) NOT NULL AUTO_INCREMENT COMMENT '订单id',
  `orderno` char(32) NOT NULL COMMENT '订单编号 （唯一，由userid+时间戳+1位随机数组成)',
  `userId` int(11) NOT NULL COMMENT '用户id',
  `receiver` char(24) CHARACTER SET utf8 COLLATE utf8_unicode_ci NOT NULL COMMENT '收货人',
  `tel` char(12) NOT NULL COMMENT '联系方式',
  `hometel` char(12) DEFAULT NULL COMMENT '家庭电话',
  `address` varchar(255) CHARACTER SET utf8 COLLATE utf8_unicode_ci NOT NULL COMMENT '收货地址',
  `orderTime` int(11) NOT NULL COMMENT '下单时间',
  `orderState` tinyint(4) NOT NULL DEFAULT '0' COMMENT '订单状态 0->等待商家发货 1->商家已发货，等待用户收获 2->交易完成 3->订单取消',
  `email` char(32) CHARACTER SET utf8 DEFAULT NULL COMMENT '邮箱地址',
  `addressbie` varchar(255) CHARACTER SET utf8 COLLATE utf8_unicode_ci DEFAULT NULL COMMENT '地址别名',
  `send_sample` tinyint(1) NOT NULL DEFAULT '0' COMMENT '是否需要寄样 1->是 0->否',
  `sample_status` tinyint(1) NOT NULL DEFAULT '0' COMMENT '寄样状态 0->待发货 1->已发',
  PRIMARY KEY (`orderId`),
  UNIQUE KEY `orderno` (`orderno`),
  KEY `orderState` (`orderState`),
  KEY `send_sample` (`send_sample`),
  KEY `userId` (`userId`)
) ENGINE=MyISAM  DEFAULT CHARSET=latin1 COMMENT='订单表' AUTO_INCREMENT=16 ;

--
-- 转存表中的数据 `jd_orders`
--

INSERT INTO `jd_orders` (`orderId`, `orderno`, `userId`, `receiver`, `tel`, `hometel`, `address`, `orderTime`, `orderState`, `email`, `addressbie`, `send_sample`, `sample_status`) VALUES
(1, '1111111', 12, '什么鬼小姐', '13111111111', '523333', 'asdljasldkjaksldjklasd', 1412408289, 0, 'asd@qq.com', NULL, 0, 0),
(2, '222222', 2, '', '', NULL, '', 1412521528, 3, '', NULL, 0, 0),
(3, '333333', 2, '', '', NULL, '', 1412522373, 0, NULL, NULL, 0, 0),
(4, '444444', 2, '规范广告覆盖', '13240098183', '', 'ghg', 1412522561, 0, '', NULL, 0, 0),
(5, '555555', 2, '规范广告覆盖', '13240098183', '', 'ghg', 1412524927, 1, '', NULL, 0, 0),
(6, '666666', 2, '规范广告覆盖', '13240098183', '', 'ghg', 1412752135, 3, '', '', 0, 0),
(7, '777777', 3, 'jiang', '13240098183', '', '意象', 1412783882, 0, '', '北京北京昌平区', 0, 0),
(8, '888888', 3, 'jiang', '13240098183', '', '意象', 1412819229, 3, '', '北京北京昌平区', 0, 0),
(9, '999999', 7, '亮sir', '12345678900', '', '回龙观文化西路', 1412913833, 2, '', '北京北京昌平区', 0, 0),
(10, '101010101010', 3, 'jiang', '13240098183', '', '意象', 1412920476, 0, '', '北京北京昌平区', 0, 0),
(11, '1111111111111', 10, '11', '11111111111', '', '1111', 1412921751, 3, '', '北京北京东城区', 0, 0),
(12, '12121212121212', 8, 'dandan', '18682480981', '', ' he he', 1412922546, 3, '', '福建南平建瓯市', 0, 0),
(13, '131313131313', 1, '11111111', '11111111111', '', '22222222222', 1412923257, 2, '', '福建龙岩漳平市', 0, 0),
(14, '1414141414', 13, '111', '13111111111', '', '123', 1472019468, 2, '', '北京北京东城区', 0, 0),
(15, '1515151515', 12, '111', '13111111111', '', '123', 1472698282, 1, '', '安徽安庆大观区', 0, 0);

-- --------------------------------------------------------

--
-- 表的结构 `jd_powers`
--

CREATE TABLE IF NOT EXISTS `jd_powers` (
  `powerId` int(11) NOT NULL AUTO_INCREMENT COMMENT '权限id',
  `powerName` char(24) CHARACTER SET utf8 COLLATE utf8_unicode_ci NOT NULL COMMENT '权限名称',
  `pId` int(11) NOT NULL COMMENT '父级id',
  `status` tinyint(1) NOT NULL DEFAULT '1' COMMENT '状态 1->启用 0->禁用',
  PRIMARY KEY (`powerId`),
  KEY `pid` (`pId`),
  KEY `status` (`status`)
) ENGINE=MyISAM  DEFAULT CHARSET=utf8 COMMENT='后台管理员权限配置表' AUTO_INCREMENT=16 ;

--
-- 转存表中的数据 `jd_powers`
--

INSERT INTO `jd_powers` (`powerId`, `powerName`, `pId`, `status`) VALUES
(1, '所有模块权限', 0, 1),
(2, '管理员系统', 1, 1),
(3, '橱窗信息管理', 1, 1),
(4, '会员信息管理', 1, 1),
(5, '商品评论管理', 1, 1),
(6, '订单管理', 1, 1),
(7, '广告管理', 1, 1),
(8, '友情连接', 1, 1),
(9, '分类管理', 1, 1),
(10, '商品管理', 1, 1),
(11, '品牌管理', 1, 1),
(12, '尺寸管理', 1, 1),
(13, '颜色配置', 1, 1),
(14, '多图管理', 1, 1),
(15, '站内新闻', 1, 1);

-- --------------------------------------------------------

--
-- 表的结构 `jd_prodimg`
--

CREATE TABLE IF NOT EXISTS `jd_prodimg` (
  `picId` int(11) NOT NULL AUTO_INCREMENT COMMENT '图片id',
  `prodId` int(11) NOT NULL COMMENT '商品id，对应jd_prods表的prodId',
  `colorId` tinyint(3) DEFAULT NULL COMMENT '颜色id',
  `image` char(100) DEFAULT NULL COMMENT '商品图片',
  `create_time` int(11) NOT NULL COMMENT '创建时间',
  `updata_time` int(11) NOT NULL COMMENT '修改时间',
  `status` tinyint(1) NOT NULL DEFAULT '1' COMMENT '图片状态 1->启用 0->禁用',
  PRIMARY KEY (`picId`),
  KEY `prodId` (`prodId`),
  KEY `prods` (`picId`,`status`),
  KEY `status` (`status`)
) ENGINE=MyISAM  DEFAULT CHARSET=utf8 COMMENT='商品图片表' AUTO_INCREMENT=332 ;

--
-- 转存表中的数据 `jd_prodimg`
--

INSERT INTO `jd_prodimg` (`picId`, `prodId`, `colorId`, `image`, `create_time`, `updata_time`, `status`) VALUES
(1, 1, 1, '2014-10-03/542e8ffab1217.jpg', 0, 0, 1),
(2, 2, 3, '2014-10-03/542e90be58d56.jpg', 0, 0, 1),
(3, 3, 1, '2014-10-03/542e910c657e7.jpg', 0, 0, 1),
(4, 4, 2, '2014-10-03/542e9196d9679.jpg', 0, 0, 1),
(5, 5, 1, '2014-10-03/542e9200e5b68.jpg', 0, 0, 1),
(6, 6, 1, '2014-10-03/542e9239e27e6.jpg', 0, 0, 1),
(7, 7, 1, '2014-10-03/542e93185a7ec.jpg', 0, 0, 1),
(8, 8, 1, '2014-10-03/542e935d6e898.jpg', 0, 0, 1),
(9, 9, 1, '2014-10-03/542e93b5aa5cb.jpg', 0, 0, 1),
(10, 10, 2, '2014-10-03/542e941887d89.jpg', 0, 0, 1),
(11, 11, 1, '2014-10-03/542e94949dd27.jpg', 0, 0, 1),
(12, 12, 3, '2014-10-03/542e9794a7e66.jpg', 0, 0, 1),
(14, 14, 2, '2014-10-03/542e980834e77.jpg', 0, 0, 1),
(15, 15, 2, '2014-10-03/542e98afa72ab.jpg', 0, 0, 1),
(16, 16, 1, '2014-10-03/542e991e38ed9.jpg', 0, 0, 1),
(17, 17, 1, '2014-10-03/542e99501473a.jpg', 0, 0, 1),
(18, 18, 1, '2014-10-03/542e99ad715d6.jpg', 0, 0, 1),
(19, 19, 2, '2014-10-03/542e99f237e05.jpg', 0, 0, 1),
(20, 20, 1, '2014-10-03/542e9a76ee2ba.jpg', 0, 0, 1),
(21, 21, 1, '2014-10-03/542e9aaa975c5.jpg', 0, 0, 1),
(22, 22, 3, '2014-10-03/542e9b3c2ecda.jpg', 0, 0, 1),
(23, 23, 2, '2014-10-03/542e9b6a1e48b.jpg', 0, 0, 1),
(24, 24, 3, '2014-10-03/542e9b9897d0e.jpg', 0, 0, 1),
(25, 25, 5, '2014-10-03/542e9bc4de8cb.jpg', 0, 0, 1),
(26, 26, 1, '2014-10-03/542e9c1e4e7fe.jpg', 0, 0, 1),
(27, 27, 1, '2014-10-03/542e9c4cacf46.jpg', 0, 0, 1),
(28, 28, 1, '2014-10-03/542e9c7c6dd62.jpg', 0, 0, 1),
(29, 29, 1, '2014-10-03/542e9cc645f29.jpg', 0, 0, 1),
(30, 30, 3, '2014-10-03/542e9d64e8ca2.jpg', 0, 0, 1),
(31, 31, 1, '2014-10-03/542e9da966ad3.jpg', 0, 0, 1),
(32, 32, 2, '2014-10-03/542e9e1b067da.jpg', 0, 0, 1),
(33, 33, 3, '2014-10-03/542e9efc70dce.jpg', 0, 0, 1),
(34, 34, 2, '2014-10-03/542e9f9774c91.jpg', 0, 0, 1),
(35, 35, 2, '2014-10-03/542ea07861891.jpg', 0, 0, 1),
(36, 36, 2, '2014-10-03/542ea0cdb7c00.jpg', 0, 0, 1),
(37, 37, 2, '2014-10-03/542ea173d68c4.jpg', 0, 0, 1),
(38, 38, 2, '2014-10-03/542ea205eb702.jpg', 0, 0, 1),
(39, 39, 1, '2014-10-03/542ea26e06713.jpg', 0, 0, 1),
(40, 40, 1, '2014-10-03/542ea342c6dd2.jpg', 0, 0, 1),
(41, 41, 1, '2014-10-03/542ea3785de68.jpg', 0, 0, 1),
(42, 42, 1, '2014-10-03/542ea3d397694.jpg', 0, 0, 1),
(43, 43, 3, '2014-10-03/542ea409da12c.jpg', 0, 0, 1),
(44, 44, 2, '2014-10-03/542ea467c02b2.jpg', 0, 0, 1),
(45, 45, 2, '2014-10-03/542ea4b45fc30.jpg', 0, 0, 1),
(46, 46, 2, '2014-10-03/542ea51a34a4c.jpg', 0, 0, 1),
(47, 47, NULL, '2014-10-03/542ea58ee0354.jpg', 0, 0, 1),
(48, 48, 2, '2014-10-03/542ea5bfcbfe0.jpg', 0, 0, 1),
(49, 49, 1, '2014-10-03/542ea61c1f140.jpg', 0, 0, 1),
(50, 50, 1, '2014-10-03/542ea664963bc.jpg', 0, 0, 1),
(51, 51, 1, '2014-10-03/542ea6895e9ff.jpg', 0, 0, 1),
(52, 52, 1, '2014-10-03/542ea712e7f71.jpg', 0, 0, 1),
(53, 53, 1, '2014-10-03/542ea74723db6.jpg', 0, 0, 1),
(54, 54, 1, '2014-10-03/542ea772525b9.jpg', 0, 0, 1),
(55, 55, 1, '2014-10-03/542ea7dd9f383.jpg', 0, 0, 1),
(56, 56, 1, '2014-10-03/542ea80682e33.jpg', 0, 0, 1),
(57, 57, 1, '2014-10-03/542ea83423abf.jpg', 0, 0, 1),
(58, 58, 1, '2014-10-03/542ea89a8a1ce.jpg', 0, 0, 1),
(59, 59, 2, '2014-10-03/542ea8cd548f6.jpg', 0, 0, 1),
(60, 60, 2, '2014-10-03/542ea90497bc4.jpg', 0, 0, 1),
(61, 121, 1, '2014-10-03/542e90a537a78.jpg', 0, 0, 1),
(62, 122, 1, '2014-10-03/542e9166d9dd9.jpg', 0, 0, 1),
(63, 123, 1, '2014-10-03/542e9229d40d0.jpg', 0, 0, 1),
(64, 124, 1, '2014-10-03/542e92e66ed19.jpg', 0, 0, 1),
(65, 125, 1, '2014-10-03/542e96483391d.jpg', 0, 0, 1),
(66, 126, 1, '2014-10-03/542e96f8c7825.jpg', 0, 0, 1),
(67, 127, 2, '2014-10-03/542e97b957ec0.jpg', 0, 0, 1),
(68, 128, 3, '2014-10-03/542e998558cb1.jpg', 0, 0, 1),
(69, 129, 3, '2014-10-03/542e99fdb95e6.jpg', 0, 0, 1),
(70, 130, 3, '2014-10-03/542e9a7b0ec53.jpg', 0, 0, 1),
(71, 131, 2, '2014-10-03/542e9af7b9304.jpg', 0, 0, 1),
(72, 132, 3, '2014-10-03/542e9b85aaa7f.jpg', 0, 0, 1),
(73, 133, 3, '2014-10-03/542e9bf0dd1fd.jpg', 0, 0, 1),
(74, 134, 2, '2014-10-03/542e9c8d5aeb9.jpg', 0, 0, 1),
(75, 135, 5, '2014-10-03/542e9d2312df3.jpg', 0, 0, 1),
(76, 136, 3, '2014-10-03/542ea01070497.jpg', 0, 0, 1),
(77, 137, 3, '2014-10-03/542ea0a2aeb94.jpg', 0, 0, 1),
(78, 138, 3, '2014-10-03/542ea1331ae37.jpg', 0, 0, 1),
(79, 139, 1, '2014-10-03/542ea1bb124bb.jpg', 0, 0, 1),
(80, 140, 3, '2014-10-03/542ea257b3cab.jpg', 0, 0, 1),
(81, 141, 1, '2014-10-03/542ea2e2df205.jpg', 0, 0, 1),
(82, 142, 1, '2014-10-03/542ea384d9892.jpg', 0, 0, 1),
(83, 143, 1, '2014-10-03/542ea4015e543.jpg', 0, 0, 1),
(84, 144, 1, '2014-10-03/542ea4b05631d.jpg', 0, 0, 1),
(85, 145, 1, '2014-10-10/54377a615f129.jpg', 0, 0, 1),
(86, 146, 1, '2014-10-03/542ea5bd14183.jpg', 0, 0, 1),
(87, 147, 1, '2014-10-03/542ea63fad304.jpg', 0, 0, 1),
(88, 148, 3, '2014-10-03/542ea70ea1bdf.jpg', 0, 0, 1),
(89, 149, 1, '2014-10-03/542ea780d279e.jpg', 0, 0, 1),
(90, 150, 1, '2014-10-03/542ea7f6a4f88.jpg', 0, 0, 1),
(91, 151, 1, '2014-10-03/542ea89d24cd8.jpg', 0, 0, 1),
(92, 152, 1, '2014-10-03/542ea90991abe.jpg', 0, 0, 1),
(93, 153, 1, '2014-10-03/542ea97be2b9f.jpg', 0, 0, 1),
(94, 154, 3, '2014-10-03/542eaa327f4c1.jpg', 0, 0, 1),
(95, 155, 5, '2014-10-03/542eaad453e3a.jpg', 0, 0, 1),
(96, 156, 3, '2014-10-03/542eab475abf2.jpg', 0, 0, 1),
(97, 157, 5, '2014-10-03/542eabdc40ba7.jpg', 0, 0, 1),
(98, 158, 5, '2014-10-03/542eae21b8926.jpg', 0, 0, 1),
(99, 159, 5, '2014-10-03/542eaea83db04.jpg', 0, 0, 1),
(100, 160, 5, '2014-10-03/542eaf11726e3.jpg', 0, 0, 1),
(101, 161, 3, '2014-10-03/542eaf7005850.jpg', 0, 0, 1),
(102, 162, 3, '2014-10-03/542eaffd17d2d.jpg', 0, 0, 1),
(103, 163, 3, '2014-10-03/542eb09cefc5f.jpg', 0, 0, 1),
(104, 164, 5, '2014-10-03/542eb1072fc52.jpg', 0, 0, 1),
(105, 165, 1, '2014-10-03/542eb16033820.jpg', 0, 0, 1),
(106, 166, 1, '2014-10-03/542eb316d9359.jpg', 0, 0, 1),
(107, 167, 1, '2014-10-03/542eb3a411716.jpg', 0, 0, 1),
(108, 168, 2, '2014-10-03/542eb42a3aeb8.jpg', 0, 0, 1),
(109, 169, 4, '2014-10-03/542eb48f92bce.jpg', 0, 0, 1),
(110, 170, 1, '2014-10-03/542eb4f44531a.jpg', 0, 0, 1),
(111, 171, 1, '2014-10-03/542eb55d02179.jpg', 0, 0, 1),
(112, 172, 5, '2014-10-03/542eb5d065ffe.jpg', 0, 0, 1),
(113, 173, 4, '2014-10-03/542eb64295774.jpg', 0, 0, 1),
(114, 174, 3, '2014-10-03/542eb69cd0c9a.jpg', 0, 0, 1),
(115, 175, 1, '2014-10-03/542eb706ab23c.jpg', 0, 0, 1),
(116, 176, 2, '2014-10-03/542eb76a0acdd.jpg', 0, 0, 1),
(117, 177, 1, '2014-10-03/542eb8013fab2.jpg', 0, 0, 1),
(118, 178, 2, '2014-10-03/542eb85d5f69f.jpg', 0, 0, 1),
(119, 179, 2, '2014-10-03/542eb8b7ab8a7.jpg', 0, 0, 1),
(120, 180, 1, '2014-10-03/542ebb6c27cd9.jpg', 0, 0, 1),
(121, 121, 1, '2014-10-04/542fb841899bd.jpg', 0, 0, 1),
(122, 121, 1, '2014-10-04/542fb9addfa69.jpg', 0, 0, 1),
(123, 121, 1, '2014-10-04/542fe2ddb2ec5.jpg', 0, 0, 1),
(124, 122, 1, '2014-10-04/542fe2ef46eb7.jpg', 0, 0, 1),
(125, 122, 1, '2014-10-04/542fe2ef8f118.jpg', 0, 0, 1),
(126, 122, 1, '2014-10-04/542fe2efc0633.jpg', 0, 0, 1),
(127, 123, 1, '2014-10-04/542fe3002d478.jpg', 0, 0, 1),
(128, 123, 1, '2014-10-04/542fe30069fd3.jpg', 0, 0, 1),
(129, 123, 1, '2014-10-04/542fe30090ff2.jpg', 0, 0, 1),
(130, 124, 1, '2014-10-04/542fe34d5f8fa.jpg', 0, 0, 1),
(131, 124, 1, '2014-10-04/542fe34d97bc5.jpg', 0, 0, 1),
(132, 124, 1, '2014-10-04/542fe34dd25d7.jpg', 0, 0, 1),
(133, 125, 1, '2014-10-04/542fe363bc513.jpg', 0, 0, 1),
(134, 125, 1, '2014-10-04/542fe3640b007.jpg', 0, 0, 1),
(135, 125, 1, '2014-10-04/542fe3644b7fa.jpg', 0, 0, 1),
(136, 126, 1, '2014-10-04/542fe374af9ed.jpg', 0, 0, 1),
(137, 126, 1, '2014-10-04/542fe374e4767.jpg', 0, 0, 1),
(138, 126, 1, '2014-10-04/542fe375267d7.jpg', 0, 0, 1),
(139, 127, 1, '2014-10-04/542fe382a143a.jpg', 0, 0, 1),
(140, 127, 1, '2014-10-04/542fe382ec7a0.jpg', 0, 0, 1),
(141, 127, 1, '2014-10-04/542fe3831861e.jpg', 0, 0, 1),
(142, 127, 1, '2014-10-04/542fe4816b58c.jpg', 0, 0, 1),
(143, 127, 1, '2014-10-04/542fe481a3d48.jpg', 0, 0, 1),
(144, 127, 1, '2014-10-04/542fe481c5333.jpg', 0, 0, 1),
(145, 127, 1, '2014-10-04/542fe4820110b.jpg', 0, 0, 1),
(146, 128, 1, '2014-10-04/542fe496db871.jpg', 0, 0, 1),
(147, 128, 1, '2014-10-04/542fe4972a440.jpg', 0, 0, 1),
(148, 128, 1, '2014-10-04/542fe4974d9be.jpg', 0, 0, 1),
(149, 128, 1, '2014-10-04/542fe4977d46e.jpg', 0, 0, 1),
(150, 129, 1, '2014-10-04/542fe4aaa2372.jpg', 0, 0, 1),
(151, 129, 1, '2014-10-04/542fe4aad104e.jpg', 0, 0, 1),
(152, 129, 1, '2014-10-04/542fe4ab0429c.jpg', 0, 0, 1),
(153, 129, 1, '2014-10-04/542fe4ab3f2fd.jpg', 0, 0, 1),
(154, 130, 1, '2014-10-04/542fe4ba4ae32.jpg', 0, 0, 1),
(155, 130, 1, '2014-10-04/542fe4ba8bc77.jpg', 0, 0, 1),
(156, 130, 1, '2014-10-04/542fe4bab6144.jpg', 0, 0, 1),
(157, 130, 1, '2014-10-04/542fe4bae74f1.jpg', 0, 0, 1),
(158, 131, 1, '2014-10-04/542fe4cb16025.jpg', 0, 0, 1),
(159, 131, 1, '2014-10-04/542fe4cb5802d.jpg', 0, 0, 1),
(160, 131, 1, '2014-10-04/542fe4cb8497b.jpg', 0, 0, 1),
(161, 131, 1, '2014-10-04/542fe4cbb6a0f.jpg', 0, 0, 1),
(162, 132, 1, '2014-10-04/542fe4dac1746.jpg', 0, 0, 1),
(163, 132, 1, '2014-10-04/542fe4daf055b.jpg', 0, 0, 1),
(164, 132, 1, '2014-10-04/542fe4db279d9.jpg', 0, 0, 1),
(165, 132, 1, '2014-10-04/542fe4db4e598.jpg', 0, 0, 1),
(166, 133, 1, '2014-10-04/542fe4fd7f23c.jpg', 0, 0, 1),
(167, 133, 1, '2014-10-04/542fe4fdb4bff.jpg', 0, 0, 1),
(168, 133, 1, '2014-10-04/542fe4fddc5a3.jpg', 0, 0, 1),
(169, 133, 1, '2014-10-04/542fe4fe0dc8f.jpg', 0, 0, 1),
(170, 134, 1, '2014-10-04/542fe59f5c173.jpg', 0, 0, 1),
(171, 134, 1, '2014-10-04/542fe59f88bf6.jpg', 0, 0, 1),
(172, 134, 1, '2014-10-04/542fe59faa2b0.jpg', 0, 0, 1),
(173, 134, 1, '2014-10-04/542fe59fd3871.jpg', 0, 0, 1),
(174, 134, 1, '2014-10-04/542fe5a00800b.jpg', 0, 0, 1),
(175, 135, 1, '2014-10-04/542fe5b7f2401.jpg', 0, 0, 1),
(176, 135, 1, '2014-10-04/542fe5b841aed.jpg', 0, 0, 1),
(177, 135, 1, '2014-10-04/542fe5b86b9e3.jpg', 0, 0, 1),
(178, 135, 1, '2014-10-04/542fe5b89e12e.jpg', 0, 0, 1),
(179, 135, 1, '2014-10-04/542fe5b8c99fd.jpg', 0, 0, 1),
(180, 136, 1, '2014-10-04/542fe5ca8fbc0.jpg', 0, 0, 1),
(181, 136, 1, '2014-10-04/542fe5cac1848.jpg', 0, 0, 1),
(182, 136, 1, '2014-10-04/542fe5cb05617.jpg', 0, 0, 1),
(183, 136, 1, '2014-10-04/542fe5cb3978d.jpg', 0, 0, 1),
(184, 136, 1, '2014-10-04/542fe5cb7dbd0.jpg', 0, 0, 1),
(185, 137, 1, '2014-10-04/542fe5dcaa7b5.jpg', 0, 0, 1),
(186, 137, 1, '2014-10-04/542fe5dce2d96.jpg', 0, 0, 1),
(187, 137, 1, '2014-10-04/542fe5dd1e88f.jpg', 0, 0, 1),
(188, 137, 1, '2014-10-04/542fe5dd617b1.jpg', 0, 0, 1),
(189, 137, 1, '2014-10-04/542fe5dd8ce6e.jpg', 0, 0, 1),
(190, 138, 1, '2014-10-04/542fe5ede22e3.jpg', 0, 0, 1),
(191, 138, 1, '2014-10-04/542fe5ee268ba.jpg', 0, 0, 1),
(192, 138, 1, '2014-10-04/542fe5ee4bbb1.jpg', 0, 0, 1),
(193, 138, 1, '2014-10-04/542fe5ee6d7fc.jpg', 0, 0, 1),
(194, 138, 1, '2014-10-04/542fe5ee95dfd.jpg', 0, 0, 1),
(195, 139, 1, '2014-10-04/542fe658e658b.jpg', 0, 0, 1),
(196, 139, 1, '2014-10-04/542fe65927740.jpg', 0, 0, 1),
(197, 139, 1, '2014-10-04/542fe65947961.jpg', 0, 0, 1),
(198, 140, 1, '2014-10-04/542fe66f4a3a6.jpg', 0, 0, 1),
(199, 140, 1, '2014-10-04/542fe66f78121.jpg', 0, 0, 1),
(200, 140, 1, '2014-10-04/542fe66fa5c5e.jpg', 0, 0, 1),
(201, 141, 1, '2014-10-04/542fe688555c9.jpg', 0, 0, 1),
(202, 141, 1, '2014-10-04/542fe6888eb3b.jpg', 0, 0, 1),
(203, 141, 1, '2014-10-04/542fe688aff2e.jpg', 0, 0, 1),
(204, 142, 1, '2014-10-04/542fe75c92433.jpg', 0, 0, 1),
(205, 142, 1, '2014-10-04/542fe75cb8b0a.jpg', 0, 0, 1),
(206, 142, 1, '2014-10-04/542fe75cda778.jpg', 0, 0, 1),
(207, 142, 1, '2014-10-04/542fe75d0e25c.jpg', 0, 0, 1),
(208, 142, 1, '2014-10-04/542fe75d3c5b2.jpg', 0, 0, 1),
(209, 143, 1, '2014-10-04/542fe77006b3d.jpg', 0, 0, 1),
(210, 143, 1, '2014-10-04/542fe7703969d.jpg', 0, 0, 1),
(211, 143, 1, '2014-10-04/542fe7705f553.jpg', 0, 0, 1),
(212, 143, 1, '2014-10-04/542fe77081bee.jpg', 0, 0, 1),
(213, 143, 1, '2014-10-04/542fe770b0d90.jpg', 0, 0, 1),
(214, 144, 1, '2014-10-04/542fe7837a134.jpg', 0, 0, 1),
(215, 144, 1, '2014-10-04/542fe783a1623.jpg', 0, 0, 1),
(216, 144, 1, '2014-10-04/542fe783ca3ac.jpg', 0, 0, 1),
(217, 144, 1, '2014-10-04/542fe784275ac.jpg', 0, 0, 1),
(218, 144, 1, '2014-10-04/542fe7958f993.jpg', 0, 0, 1),
(219, 144, 1, '2014-10-04/542fe795c809f.jpg', 0, 0, 1),
(220, 146, 1, '2014-10-04/542fed57f3c0a.jpg', 0, 0, 1),
(221, 146, 1, '2014-10-04/542fed58e1086.jpg', 0, 0, 1),
(222, 146, 1, '2014-10-04/542fed5935423.jpg', 0, 0, 1),
(223, 146, 1, '2014-10-04/542fed59616d9.jpg', 0, 0, 1),
(224, 146, 1, '2014-10-04/542fed59939dd.jpg', 0, 0, 1),
(225, 145, 1, '2014-10-10/54377a615f129.jpg', 0, 0, 1),
(226, 145, 1, '2014-10-10/54377a615f129.jpg', 0, 0, 1),
(227, 145, 1, '2014-10-10/54377a615f129.jpg', 0, 0, 1),
(228, 145, 1, '2014-10-10/54377a615f129.jpg', 0, 0, 1),
(229, 145, 1, '2014-10-10/54377a615f129.jpg', 0, 0, 1),
(230, 147, 1, '2014-10-04/542fed8639c3c.jpg', 0, 0, 1),
(231, 147, 1, '2014-10-04/542fed866db00.jpg', 0, 0, 1),
(232, 147, 1, '2014-10-04/542fed86989a9.jpg', 0, 0, 1),
(233, 147, 1, '2014-10-04/542fed86c04b7.jpg', 0, 0, 1),
(234, 147, 1, '2014-10-04/542fed86e289e.jpg', 0, 0, 1),
(235, 148, 1, '2014-10-04/542fedc3a06ab.jpg', 0, 0, 1),
(236, 148, 1, '2014-10-04/542fedc3cd127.jpg', 0, 0, 1),
(237, 148, 1, '2014-10-04/542fedc418302.jpg', 0, 0, 1),
(238, 149, 1, '2014-10-04/542fede111989.jpg', 0, 0, 1),
(239, 149, 1, '2014-10-04/542fede13b83a.jpg', 0, 0, 1),
(240, 149, 1, '2014-10-04/542fede16befb.jpg', 0, 0, 1),
(241, 150, 1, '2014-10-04/542fedf374202.jpg', 0, 0, 1),
(242, 150, 1, '2014-10-04/542fedf3a6c8c.jpg', 0, 0, 1),
(243, 150, 1, '2014-10-04/542fedf3c8137.jpg', 0, 0, 1),
(244, 151, 1, '2014-10-04/542fee19be3eb.jpg', 0, 0, 1),
(245, 151, 1, '2014-10-04/542fee1a092fa.jpg', 0, 0, 1),
(246, 151, 1, '2014-10-04/542fee1a2ac83.jpg', 0, 0, 1),
(247, 151, 1, '2014-10-04/542fee1a5a576.jpg', 0, 0, 1),
(248, 152, 1, '2014-10-04/542fee29317fe.jpg', 0, 0, 1),
(249, 152, 1, '2014-10-04/542fee2968d51.jpg', 0, 0, 1),
(250, 152, 1, '2014-10-04/542fee2994e4c.jpg', 0, 0, 1),
(251, 152, 1, '2014-10-04/542fee29c1397.jpg', 0, 0, 1),
(252, 153, 1, '2014-10-04/542fee3b30f3f.jpg', 0, 0, 1),
(253, 153, 1, '2014-10-04/542fee3b604e4.jpg', 0, 0, 1),
(254, 153, 1, '2014-10-04/542fee3b7fb12.jpg', 0, 0, 1),
(255, 153, 1, '2014-10-04/542fee3ba7dd7.jpg', 0, 0, 1),
(256, 154, 1, '2014-10-04/542fee504c3da.jpg', 0, 0, 1),
(257, 154, 1, '2014-10-04/542fee50787bb.jpg', 0, 0, 1),
(258, 154, 1, '2014-10-04/542fee50a6900.jpg', 0, 0, 1),
(259, 154, 1, '2014-10-04/542fee50c9530.jpg', 0, 0, 1),
(260, 155, 1, '2014-10-04/542fee6d20514.jpg', 0, 0, 1),
(261, 155, 1, '2014-10-04/542fee6d770ad.jpg', 0, 0, 1),
(262, 155, 1, '2014-10-04/542fee6dc8ae0.jpg', 0, 0, 1),
(263, 155, 1, '2014-10-04/542fee6e02671.jpg', 0, 0, 1),
(264, 155, 1, '2014-10-04/542fee6e2699d.jpg', 0, 0, 1),
(265, 61, 1, '2014-10-03/542e98194b2cd.jpg', 0, 0, 1),
(266, 62, 1, '2014-10-03/542e9fb25d4d9.jpg', 0, 0, 1),
(267, 63, 1, '2014-10-03/542ea0e57b787.jpg', 0, 0, 1),
(268, 64, 3, '2014-10-03/542ea30c413e5.jpg', 0, 0, 1),
(269, 65, 1, '2014-10-03/542ea3946ca62.jpg', 0, 0, 1),
(270, 66, 1, '2014-10-03/542ea435dfb26.jpg', 0, 0, 1),
(271, 67, 3, '2014-10-03/542ea5870198e.jpg', 0, 0, 1),
(272, 68, 1, '2014-10-03/542ea64613a57.jpg', 0, 0, 1),
(273, 69, 1, '2014-10-03/542ea7703bb2d.jpg', 0, 0, 1),
(274, 70, 1, '2014-10-03/542ea813b2314.jpg', 0, 0, 1),
(275, 71, 2, '2014-10-03/542eaa1026134.jpg', 0, 0, 1),
(276, 72, 1, '2014-10-03/542eab88b3137.jpg', 0, 0, 1),
(277, 73, 6, '2014-10-03/542eae017f5d8.jpg', 0, 0, 1),
(278, 74, 6, '2014-10-03/542eaedd81378.jpg', 0, 0, 1),
(279, 75, 1, '2014-10-03/542eaf7be8bf5.jpg', 0, 0, 1),
(280, 76, 1, '2014-10-03/542eb0348e106.jpg', 0, 0, 1),
(281, 77, 1, '2014-10-03/542eb0b021701.jpg', 0, 0, 1),
(282, 78, 2, '2014-10-03/542eb1585076d.jpg', 0, 0, 1),
(283, 79, 2, '2014-10-03/542eb1f9f263b.jpg', 0, 0, 1),
(284, 80, 6, '2014-10-04/542f4aa7f0e69.jpg', 0, 0, 1),
(285, 81, 1, '2014-10-04/542f4c0a493da.jpg', 0, 0, 1),
(286, 82, 7, '2014-10-04/542f4d4f33692.jpg', 0, 0, 1),
(287, 83, 1, '2014-10-04/542f4e185a5a4.jpg', 0, 0, 1),
(288, 84, 2, '2014-10-04/542f4ecaf2044.jpg', 0, 0, 1),
(289, 85, 2, '2014-10-04/542f4f62b0c0b.jpg', 0, 0, 1),
(290, 86, 2, '2014-10-04/542f4ffd4a2cc.jpg', 0, 0, 1),
(291, 87, 1, '2014-10-04/542f50b79393c.jpg', 0, 0, 1),
(292, 88, 1, '2014-10-04/542f513c96e64.jpg', 0, 0, 1),
(293, 89, 2, '2014-10-04/542f51d09741d.jpg', 0, 0, 1),
(294, 90, 1, '2014-10-04/542f53224c238.jpg', 0, 0, 1),
(295, 91, 1, '2014-10-04/542f540884169.jpg', 0, 0, 1),
(296, 92, 1, '2014-10-04/542f54f58ad0e.jpg', 0, 0, 1),
(297, 93, 1, '2014-10-04/542f56bd02d78.jpg', 0, 0, 1),
(298, 94, 1, '2014-10-04/542f57220b93b.jpg', 0, 0, 1),
(299, 95, 6, '2014-10-04/542f57893c619.jpg', 0, 0, 1),
(300, 96, 2, '2014-10-04/542f5801626fa.jpg', 0, 0, 1),
(301, 97, 1, '2014-10-04/542f58f9bc930.jpg', 0, 0, 1),
(302, 98, 1, '2014-10-04/542f595990bf0.jpg', 0, 0, 1),
(303, 99, 1, '2014-10-04/542f59f1f0615.jpg', 0, 0, 1),
(304, 100, 1, '2014-10-04/542f5a6be236b.jpg', 0, 0, 1),
(305, 101, 1, '2014-10-04/542f5eec69d53.jpg', 0, 0, 1),
(306, 102, 1, '2014-10-04/542f5f374835d.jpg', 0, 0, 1),
(307, 103, 1, '2014-10-04/542f5f8e7bf71.jpg', 0, 0, 1),
(308, 104, 2, '2014-10-04/542f600d372d9.jpg', 0, 0, 1),
(309, 105, 1, '2014-10-04/542f6075d272a.jpg', 0, 0, 1),
(310, 106, 1, '2014-10-04/542f60dae9d50.jpg', 0, 0, 1),
(311, 107, 1, '2014-10-04/542f668dbc877.jpg', 0, 0, 1),
(312, 108, 1, '2014-10-04/542f66f7807b8.jpg', 0, 0, 1),
(313, 109, 1, '2014-10-04/542f675ae2cb6.jpg', 0, 0, 1),
(314, 110, 1, '2014-10-04/542f67a8e1ee3.jpg', 0, 0, 1),
(315, 111, 1, '2014-10-04/542f6bc343bf0.jpg', 0, 0, 1),
(316, 112, 1, '2014-10-04/542f6c57a5858.jpg', 0, 0, 1),
(317, 113, 1, '2014-10-04/542f6cc7404be.jpg', 0, 0, 1),
(318, 114, 1, '2014-10-04/542f6d5702184.jpg', 0, 0, 1),
(319, 115, 1, '2014-10-04/542f6e42a2db3.jpg', 0, 0, 1),
(320, 116, 1, '2014-10-04/542f6ec94bde8.jpg', 0, 0, 1),
(321, 117, 1, '2014-10-04/542f6f4d446f4.jpg', 0, 0, 1),
(322, 118, 1, '2014-10-04/542f6fd00c27c.jpg', 0, 0, 1),
(323, 119, 1, '2014-10-04/542f7114defd9.jpg', 0, 0, 1),
(324, 120, 1, '2014-10-04/542f717d8e2d3.jpg', 0, 0, 1),
(325, 181, 5, '2014-10-08/54349fd80942e.jpg', 0, 0, 1),
(326, 182, 3, '2014-10-08/5434a0bbe0a4c.jpg', 0, 0, 1),
(327, 183, 1, '2014-10-08/5434a1f41218b.jpg', 0, 0, 1),
(328, 184, 7, '2014-10-08/5434a2b6b2210.jpg', 0, 0, 1),
(329, 10, 1, '2014-10-10/54377a80ab0fa.jpg', 0, 0, 1),
(330, 10, 1, '2014-10-10/54377a812004e.jpg', 0, 0, 1),
(331, 10, 1, '2014-10-10/54377a8184611.jpg', 0, 0, 1);

-- --------------------------------------------------------

--
-- 表的结构 `jd_prods`
--

CREATE TABLE IF NOT EXISTS `jd_prods` (
  `prodId` int(11) NOT NULL AUTO_INCREMENT COMMENT '商品id',
  `prodName` char(64) CHARACTER SET utf8 COLLATE utf8_unicode_ci NOT NULL COMMENT '商品名',
  `prodInfo` text CHARACTER SET utf8 COLLATE utf8_unicode_ci COMMENT '商品详情/商品描述',
  `price1` double(10,2) NOT NULL COMMENT '商品原价',
  `price2` double(10,2) NOT NULL COMMENT '商品现价',
  `simimg` char(100) DEFAULT NULL COMMENT '商品缩略图',
  `img` char(100) DEFAULT NULL COMMENT '商品原图',
  `create_time` int(11) NOT NULL COMMENT '创建时间',
  `updata_time` int(11) NOT NULL COMMENT '修改时间',
  `status` tinyint(1) NOT NULL DEFAULT '1' COMMENT '商品状态 1->启用 0->禁用',
  PRIMARY KEY (`prodId`),
  KEY `price1` (`price1`),
  KEY `price2` (`price2`),
  KEY `create_time` (`create_time`),
  KEY `updata_time` (`updata_time`),
  KEY `price` (`price1`,`price2`,`status`) USING BTREE,
  KEY `time` (`create_time`,`updata_time`,`status`) USING BTREE,
  KEY `status` (`status`)
) ENGINE=MyISAM  DEFAULT CHARSET=utf8 COMMENT='商品表' AUTO_INCREMENT=185 ;

--
-- 转存表中的数据 `jd_prods`
--

INSERT INTO `jd_prods` (`prodId`, `prodName`, `prodInfo`, `price1`, `price2`, `simimg`, `img`, `create_time`, `updata_time`, `status`) VALUES
(1, 'ThinkPad E431(62771V8)', 'ThinkPad E431(62771V8) 14英寸笔记本电脑 (i5-3320M 4G 500G 7200转 2G独显 蓝牙 WIN8上大学用think,好用又有面儿.7200转硬盘就是不一样', 3999.00, 3900.00, '2014-10-03/50_542e8ffab1217.jpg', '2014-10-03/220_542e8ffab1217.jpg', 0, 0, 1),
(2, '宏碁（acer）', '宏碁（acer） V3-572G 14.2英寸超薄本 （i5-4210U 4G 500G GeForce 840M 2G独显 win8.1 料号59TB）银3000好评！I5四代配840高端独显 畅玩游戏 秒杀一切 你做好和我横扫天下的准备了吗？', 3599.00, 3599.00, '2014-10-03/50_542e90be58d56.jpg', '2014-10-03/220_542e90be58d56.jpg', 0, 0, 1),
(3, '联想（Lenovo）', '联想（Lenovo） G410AT 14.0英寸笔记本电脑（i5-4210M 4G 500G 2G独显 摄像头 DVD刻录 Win8）黑色(^o^)/~ 升级性能，自在享受全能G，享受两年质保，安全放心', 3599.00, 3499.00, '2014-10-03/50_542e910c657e7.jpg', '2014-10-03/220_542e910c657e7.jpg', 0, 0, 1),
(4, '宏碁（acer）', '宏碁（acer） EC-470G-53334G50Dnww 14英寸超薄笔记本 （i5-3337U 4G 500G GeForce 820M 2G win8.1）白色全新升级版 时尚轻薄E系列，高清大屏配8系2G独显，工作娱乐两不误', 2999.00, 2999.00, '2014-10-03/50_542e9196d9679.jpg', '2014-10-03/220_542e9196d9679.jpg', 0, 0, 1),
(5, '联想（Lenovo）', '联想（Lenovo） G510AT 13.8英寸笔记本电脑（i5-4210M 4G 500G 2G独显 摄像头 DVD刻录 Win8）黑色 \\(^o^)/~【万箭穿心来袭！】联想15英寸超性能2G显卡性能本，万箭穿心低价限时疯抢', 3699.00, 3699.00, '2014-10-03/50_542e9200e5b68.jpg', '2014-10-03/220_542e9200e5b68.jpg', 0, 0, 1),
(6, 'ThinkPad E431(6277ALC)', 'ThinkPad E431(6277ALC) 14英寸笔记本电脑（i3-3110 4G 500G 1G独显 蓝牙摄像头 WIN8 ', 3239.00, 3239.00, '2014-10-03/50_542e9239e27e6.jpg', '2014-10-03/220_542e9239e27e6.jpg', 0, 0, 1),
(7, '联想（Lenovo）', ';联想（Lenovo） Y430p 18.0英寸笔记本电脑（i5-4210M 4G 1T GTX850M 2G独显 DVD刻 摄像头 win8.1）黑色新Y神の性能强到没朋友！】\\(^o^)/~惹我其谁Ω北风之神战略级∑万众期待，i5Y神降京东', 5199.00, 5199.00, '2014-10-03/50_542e93185a7ec.jpg', '2014-10-03/220_542e93185a7ec.jpg', 0, 0, 1),
(8, '神舟（HASEE）', '神舟（HASEE） 战神K650D-i5 D1 13.8英寸笔记本(i5-4210M 4G 500G GTX850M 2G独显 29mm轻薄 IPS屏 1080P爆款降价啦！】8系显卡，性能配置，IPS高清屏，学习+游戏？没问题！爽翻的节奏', 4399.00, 4399.00, '2014-10-03/50_542e935d6e898.jpg', '2014-10-03/220_542e935d6e898.jpg', 0, 0, 1),
(9, '联想（Lenovo） Y430p', ';联想（Lenovo） Y430p 14.0英寸笔记本电脑（i7-4710MQ 8G 1T GTX850M 2G独显 DVD刻 摄像头 Win8）黑色新Y神の性能强到没朋友！】\\(^o^)/~惹我其谁Ω北风之神战略级 ∑【国庆七天乐', 6299.00, 6299.00, '2014-10-03/50_542e93b5aa5cb.jpg', '2014-10-03/220_542e93b5aa5cb.jpg', 0, 0, 1),
(10, '苹果（Apple）MacBook Air', ';苹果（Apple）MacBook Air MD760CH/B 18.4英寸宽屏笔记本电脑2014年新款MacBook Air,CPU全新升级，长达12小时的电池使用时间，满载动力，满足你的一天！', 6500.00, 6500.00, '2014-10-03/50_542e941887d89.jpg', '2014-10-03/220_542e941887d89.jpg', 0, 0, 1),
(11, '联想（Lenovo） G410AT', '联想（Lenovo） G410AT 18.4英寸笔记本电脑（i3-4000M 4G 500G 2G独显 摄像头 DVD刻录 Win8）黑色(^o^)/~ 升级性能，自在享受全能', 2999.00, 2999.00, '2014-10-03/50_542e94949dd27.jpg', '2014-10-03/220_542e94949dd27.jpg', 0, 0, 1),
(12, '华硕（ASUS）R510JK', '华硕（ASUS）R510JK 英寸笔记本 （i5-4200H 4G 1TB GTX850M 2G独显 D刻 蓝牙 Win8 深灰色华硕25周年致敬系列，R510巅峰力作！顶级GTX显卡，超炫屏+美妙音质，畅游游戏世界!迎十一下单立减200元!', 5199.00, 5199.00, '2014-10-03/50_542e9794a7e66.jpg', '2014-10-03/220_542e9794a7e66.jpg', 0, 0, 1),
(13, '华硕（ASUS）R510JK', '华硕（ASUS） N550JK 18.4英寸笔记本（i7-4700HQ 4G 7200转750G GTX850M 4G独显 1920x1080 Win8.1 黑色）影音娱乐机皇，PK到底！金秋大促，抢完为止;', 7599.00, 7599.00, '2014-10-03/50_542e97daa5473.jpg', '2014-10-03/220_542e97daa5473.jpg', 0, 0, 1),
(14, '华硕（ASUS）', '华硕（ASUS） TAICHI 17.3英寸触控超极本 （i7-3537U 4G 256G SSD 双面高分屏 双摄像头 可触控 Win8 黑色）&lt;/h1&gt;&lt;p&gt;独具匠心的双屏触控超薄设计，PC平板二合一', 7988.00, 7988.00, '2014-10-03/50_542e980834e77.jpg', '2014-10-03/220_542e980834e77.jpg', 0, 0, 1),
(15, '华硕（ASUS）', '华硕（ASUS） N550JK 14.2英寸笔记本（i7-4700HQ 4G 1TB GTX850M 4G独显 1920x1080 Win8.1 黑色）&lt;/h1&gt;&lt;p&gt;真正游戏本，不仅配置高，体验超一流', 7499.00, 7499.00, '2014-10-03/50_542e98afa72ab.jpg', '2014-10-03/220_542e98afa72ab.jpg', 0, 0, 1),
(16, '联想（Lenovo） U430P', '联想（Lenovo） U430P 14英寸超极本（i7-4500U 4G内存 500G 16G固态硬盘 2G独显 摄像头 Win8）暮光灰', 5699.00, 5699.00, '2014-10-03/50_542e991e38ed9.jpg', '2014-10-03/220_542e991e38ed9.jpg', 0, 0, 1),
(17, '联想（Lenovo）', '联想（Lenovo） Y50-70 18.4英寸笔记本电脑（i7-4710HQ 8G 1T 4G独显 摄像头 Win8）联盟版联盟的兄弟看过来！】守护暴风城的神圣使命由你来完成\\(^o^)/', 8999.00, 8999.00, '2014-10-03/50_542e99501473a.jpg', '2014-10-03/220_542e99501473a.jpg', 0, 0, 1),
(18, '联想（Lenovo） Y50-70', '联想（Lenovo） Y50-70 英寸笔记本电脑（i7-4710HQ 8G 1T 4G独显 摄像头 Win8）部落版 normal;&quot;&gt;【部落的勇士在哪里？】\\(^o^)/~拥有它立刻化身手持霜之哀伤的阿尔萨斯,楼主自用机，真的很棒哟', 8999.00, 8999.00, '2014-10-03/50_542e99ad715d6.jpg', '2014-10-03/220_542e99ad715d6.jpg', 0, 0, 1),
(19, '联想（Lenovo） Z410-ISE', '联想（Lenovo） Z410-ISE 14英寸笔记本电脑 （i7-4702MQ 4G 1T 2G独显 DVD刻录 WIN8）清新白', 5549.00, 5549.00, '2014-10-03/50_542e99f237e05.jpg', '2014-10-03/220_542e99f237e05.jpg', 0, 0, 1),
(20, 'ThinkPad E431(62771Y1)', 'ThinkPad E431(62771Y1) 14英寸笔记本电脑 (i5-3210M 8G 500G(7200转) 2G独显 蓝牙 WIN8内存+i5 CPU等于“飞一般”的速度.点击购买1Y1升级版，CPU更强大，价格更给力', 4399.00, 4399.00, '2014-10-03/50_542e9a76ee2ba.jpg', '2014-10-03/220_542e9a76ee2ba.jpg', 0, 0, 1),
(21, 'ThinkPad E440(20C5A08ECD)', 'ThinkPad E440(20C5A08ECD) 14英寸笔记本电脑 (i5-4200M 4G 500G 2G独显 WIN8.1 蓝牙;新磨具、好性能', 4409.00, 4409.00, '2014-10-03/50_542e9aaa975c5.jpg', '2014-10-03/220_542e9aaa975c5.jpg', 0, 0, 1),
(22, '宏碁（acer）', '宏碁（acer） EC-470G-53334G50Dnww 14英寸超薄笔记本 （i5-3337U 4G 500G GeForce 820M 2G win8.1）白色;全新升级版 时尚轻薄E系列，高清大屏配8系2G独显，工作娱乐两不误;', 2999.00, 2999.00, '2014-10-03/50_542e9b3c2ecda.jpg', '2014-10-03/220_542e9b3c2ecda.jpg', 0, 0, 1),
(23, '宏碁（acer）', '宏碁（acer）V5-473G-54204G50aii 14.0英寸游戏本 （i5-4200U 4G 500G GT750M 4G独显 win8.1）银灰色;国庆7天乐！！I5全新平台 4G高端独显 真机好看到爆', 3999.00, 3999.00, '2014-10-03/50_542e9b6a1e48b.jpg', '2014-10-03/220_542e9b6a1e48b.jpg', 0, 0, 1),
(24, '宏碁（acer）', ';宏碁（acer） E1-472G 14.0英寸超薄本 （i5-4200U 4G 500G GeForce 820M 2G独显 Linux 54204G50Dnss）银色限时抢购】全新超轻薄E系列，HSW平台配全新8系2G独显，工作、游戏、看片 无缝切换！（建议自行安装WIN7', 3199.00, 3199.00, '2014-10-03/50_542e9b9897d0e.jpg', '2014-10-03/220_542e9b9897d0e.jpg', 0, 0, 1),
(25, '宏碁（acer）', '宏碁（acer） V5-473G-54204G50amm 14.0英寸超薄本 （i5-4200U 4G 500G GT750M 4G独显 linux)香槟金;【墙裂推荐！真机好看到爆！】体验极致纤薄 尽享4GB高端128位宽独显的酣畅淋漓！全新V5炫彩上市', 4299.00, 4299.00, '2014-10-03/50_542e9bc4de8cb.jpg', '2014-10-03/220_542e9bc4de8cb.jpg', 0, 0, 1),
(26, '戴尔（DELL）', ';戴尔（DELL）游匣Ins14PR-2648B 灵越14英寸笔记本电脑（i5-4200H 4G 500G 1080p GTX850M 4G独显 Win8）黑金秋开学 游匣发力】火力全开游戏本 戴尔资深产品经理力荐 1080P高清屏', 6199.00, 6199.00, '2014-10-03/50_542e9c1e4e7fe.jpg', '2014-10-03/220_542e9c1e4e7fe.jpg', 0, 0, 1),
(27, '戴尔（DELL）', '戴尔（DELL）Ins14CR-1518B 灵越14英寸笔记本电脑（i5-4210U 4G 500G GT820M 1G独显 DVDRW Win8）黑十一大放价】仅限今天！等你来购', 3299.00, 3299.00, '2014-10-03/50_542e9c4cacf46.jpg', '2014-10-03/220_542e9c4cacf46.jpg', 0, 0, 1),
(28, '戴尔（DELL）', ';戴尔（DELL） Ins14CR-1528B 灵越14英寸笔记本电脑（i5-4210U 4G 500G GT820M 2G独显 Win8）黑十月献礼】英特尔四代处理器 强劲性能 超强性价比', 3699.00, 3699.00, '2014-10-03/50_542e9c7c6dd62.jpg', '2014-10-03/220_542e9c7c6dd62.jpg', 0, 0, 1),
(29, '戴尔（DELL）', ';戴尔（DELL）游匣Ins14PR-2648B 灵越14英寸笔记本电脑（i5-4200H 4G 500G 1080p GTX850M 4G独显 Win8）黑金秋开学 游匣发力】火力全开游戏本 戴尔资深产品经理力荐 1080P高清屏', 6199.00, 6199.00, '2014-10-03/50_542e9cc645f29.jpg', '2014-10-03/220_542e9cc645f29.jpg', 0, 0, 1),
(30, '惠普（HP）', '惠普（HP）Pavilion 14-e051TX 14.0英寸笔记本电脑（i5-4200M 4G 1TB HD8670 2G独显 Linux 黑色）最新Haswell平台标准电压处理器，极速体验', 3399.00, 3399.00, '2014-10-03/50_542e9d64e8ca2.jpg', '2014-10-03/220_542e9d64e8ca2.jpg', 0, 0, 1),
(31, '惠普（HP）Pavilion', '惠普（HP）Pavilion 14-e048TX 14.0英寸笔记本电脑（i5-4200M 4G 1TB HD8670 2G独显 Linux 银色, 60);;最新架构Haswell架构，标准电压强劲i5处理器', 3399.00, 3399.00, '2014-10-03/50_542e9da966ad3.jpg', '2014-10-03/220_542e9da966ad3.jpg', 0, 0, 1),
(32, '惠普（HP）', '惠普（HP） CQ15-a101TX 14.2英寸笔记本电脑 (i5-4200M 4G 500GB GT820M 2G独显 DOS良心品质、我们是4200M标准电压CPU，不是阉割版4200U处理器、更强劲！15.6英寸性价王者', 3299.00, 3299.00, '2014-10-03/50_542e9e1b067da.jpg', '2014-10-03/220_542e9e1b067da.jpg', 0, 0, 1),
(33, '惠普（HP）', '惠普（HP） ENVY 15-k028TX 14.6英寸游戏笔记本电脑 （i5-4210u 4G 500G 840M 2G独显 蓝牙 win8.1;金属超薄机身，性能与外观的完美结合！', 4699.00, 4699.00, '2014-10-03/50_542e9efc70dce.jpg', '2014-10-03/220_542e9efc70dce.jpg', 0, 0, 1),
(34, '苹果（Apple）', ';苹果（Apple）MacBook Pro MGX72CH/A 13.3英寸宽屏笔记本电脑（配备 Retina 显示屏;官网新品！原ME864CH/A升级2.60 GHz', 9288.00, 9288.00, '2014-10-03/50_542e9f9774c91.jpg', '2014-10-03/220_542e9f9774c91.jpg', 0, 0, 1),
(35, '苹果（Apple）', '苹果（Apple）MacBook Pro ME294CH/A 18.4英寸宽屏笔记本电脑（配备 Retina 显示屏', 15999.00, 14999.00, '2014-10-03/50_542ea07861891.jpg', '2014-10-03/220_542ea07861891.jpg', 0, 0, 1),
(36, '苹果（Apple）', ';苹果（Apple）MacBook Air MD711CH/B 13.8英寸宽屏笔记本电脑2014年新款MacBook Air,CPU全新升级，长达9小时的电池使用时间，满载动力，满足你的一天！', 6288.00, 6288.00, '2014-10-03/50_542ea0cdb7c00.jpg', '2014-10-03/220_542ea0cdb7c00.jpg', 0, 0, 1),
(37, '苹果（Apple）', ';苹果（Apple）MacBook Pro ME294CH/A 18.4英寸宽屏笔记本电脑（配备 Retina 显示屏', 15999.00, 15999.00, '2014-10-03/50_542ea173d68c4.jpg', '2014-10-03/220_542ea173d68c4.jpg', 0, 0, 1),
(38, '苹果（Apple）', '苹果（Apple）MacBook Pro MGXC2CH/A 15.4英寸宽屏笔记本电脑（配备 Retina 显示屏）官网新品！原ME294CH/A升级2.50 ', 17988.00, 17988.00, '2014-10-03/50_542ea205eb702.jpg', '2014-10-03/220_542ea205eb702.jpg', 0, 0, 1),
(39, '神舟（HASEE）', '神舟（HASEE） 战神K610C-i7 D2 15.4英寸笔记本(i7-4710MQ 4G 1TB GT750M2G独显 29mm轻薄 1080P IPS屏;绝版750显卡 性价比机皇 重度升级 即刻拥有', 4499.00, 4499.00, '2014-10-03/50_542ea26e06713.jpg', '2014-10-03/220_542ea26e06713.jpg', 0, 0, 1),
(40, '神舟（HASEE）', '神舟（HASEE） 战神K610C-i7 D2 15.4英寸笔记本(i7-4710MQ 4G 1TB GT75M2G独显 29mm轻薄 1080P IPS屏;绝版750显卡 性价比机皇 重度升级 即刻拥有', 4499.00, 4499.00, '2014-10-03/50_542ea342c6dd2.jpg', '2014-10-03/220_542ea342c6dd2.jpg', 0, 0, 1),
(41, '神舟（HASEE）', '神舟（HASEE） K580D-i7 D1 15.4英寸笔记本(i7-4710MQ 4G 1TB GT840M 2G独显 D刻 1080P IPS屏)铁灰海天盛筵，裸价出击~！大神舟就是这么NB', 4199.00, 4199.00, '2014-10-03/50_542ea3785de68.jpg', '2014-10-03/220_542ea3785de68.jpg', 0, 0, 1),
(42, '神舟（HASEE', '神舟（HASEE） 战神K710C-i5 D2 17.3英寸笔记本电脑( i5-4210M 4G 500G GT750M 2G独显 )灰色17寸大屏尽情狂欢，赶快抢购', 3999.00, 3999.00, '2014-10-03/50_542ea3d397694.jpg', '2014-10-03/220_542ea3d397694.jpg', 0, 0, 1),
(43, '神舟（HASEE）', '神舟（HASEE） 精盾K450C-i5 D2 14.0英寸笔记本(i5-4210M 4G 500G HD4600 DVDRW 1080P IPS屏)银灰色', 3099.00, 3099.00, '2014-10-03/50_542ea409da12c.jpg', '2014-10-03/220_542ea409da12c.jpg', 0, 0, 1),
(44, '三星（SAMSUNG）', ';&gt;三星（SAMSUNG）270E5J-X02 15.6英寸笔记本电脑 （i3-4005U 4G 500G DVD刻录 2G独显 WIN8.1 蓝牙）象牙白全新力作】纯白色迷人美本儿！防眩光细腻屏幕，精致视窗、舒心享受！同时保护您的眼睛！i3+4G 日常应用轻松应对', 3299.00, 3299.00, '2014-10-03/50_542ea467c02b2.jpg', '2014-10-03/220_542ea467c02b2.jpg', 0, 0, 1),
(45, '三星（SAMSUNG）', '三星（SAMSUNG）905S3G-K06 15.3英寸超薄本（四核处理器 4G 128G固态硬盘 核芯显卡 Win8.1）象牙白', 4399.00, 4399.00, '2014-10-03/50_542ea4b45fc30.jpg', '2014-10-03/220_542ea4b45fc30.jpg', 0, 0, 1),
(46, '三星（SAMSUNG）', '三星（SAMSUNG）110S1J-K02 英寸超薄本 （赛扬双核4G 128GSSD 核心显卡 WIN8.1 蓝牙 皮革外观）钟乳白金秋风暴，精选爆品】京东全球首发128G全SSD超薄本，华美纯白色，时尚超薄设计，奢华皮革质感，大牌性价比;', 2999.00, 2999.00, '2014-10-03/50_542ea51a34a4c.jpg', '2014-10-03/220_542ea51a34a4c.jpg', 0, 0, 1),
(47, '三星（SAMSUNG）', '三星（SAMSUNG） 275E5E-K01 15.6英寸笔记本电脑（双核E2-1800 4G 500G DVD刻录 核芯显卡 WIN8)曜月黑', 2099.00, 2099.00, '2014-10-03/50_542ea58ee0354.jpg', '2014-10-03/220_542ea58ee0354.jpg', 0, 0, 1),
(48, '三星（SAMSUNG）', '三星（SAMSUNG）450R4V-K01 14英寸超薄本（i3-3110M 4G 500G 核芯显卡 DOS 蓝牙4.0）象牙白时尚！年轻！质感！性能强劲！可以信赖！值得拥有', 3199.00, 3199.00, '2014-10-03/50_542ea5bfcbfe0.jpg', '2014-10-03/220_542ea5bfcbfe0.jpg', 0, 0, 1),
(49, '微软（Microsoft）', '微软（Microsoft） Surface Pro 3（专业版 Intel i5 256G存储 8G内存）PS2-00009;微软年度巨献，给你一个逼格破表的机会~谋杀菲林无数，你值得拥有~国庆快乐，艾瑞巴蒂', 9688.00, 9688.00, '2014-10-03/50_542ea61c1f140.jpg', '2014-10-03/220_542ea61c1f140.jpg', 0, 0, 1),
(50, '微软（Microsoft）', '微软（Microsoft） Surface Pro 3（专业版 Intel i5 128G存储 4G内存）MQ2-00009&lt微软年度巨献，给你一个逼格破表的机会~谋杀菲林无数，你值得拥有~国庆快乐，艾瑞巴蒂', 7388.00, 7388.00, '2014-10-03/50_542ea664963bc.jpg', '2014-10-03/220_542ea664963bc.jpg', 0, 0, 1),
(51, '微软（Microsoft）', '微软（Microsoft） Surface Pro 3（中文版 Intel i5 128G存储 4G内存）;微软年度巨献，给你一个逼格破表的机会~谋杀菲林无数，你值得拥有~国庆快乐，艾瑞巴蒂', 7388.00, 7388.00, '2014-10-03/50_542ea6895e9ff.jpg', '2014-10-03/220_542ea6895e9ff.jpg', 0, 0, 1),
(52, '雷神（ThundeRobot）', '雷神（ThundeRobot）911-T1 （i7-4710HQ 16G 128GSSD+1T GTX870M 6G DDR5 win8.1 背光键盘 IPS屏）橙橙色情怀，独一无二！接近完美的游戏显卡，无法抵挡的澎湃魅力~开机即用，高端享受，礼品首选', 7499.00, 7499.00, '2014-10-03/50_542ea712e7f71.jpg', '2014-10-03/220_542ea712e7f71.jpg', 0, 0, 1),
(53, '雷神（ThundeRobot）', '雷神（ThundeRobot）911-S2 15.6英寸游戏本（i7-4710HQ 8G 1T GTX860M 2G DDR5 背光键盘 全高清屏）黑超跑外形，精致做工！强悍性能，尊贵身份，一举兼得！均衡配置好本，国庆大促开启', 10999.00, 10999.00, '2014-10-03/50_542ea74723db6.jpg', '2014-10-03/220_542ea74723db6.jpg', 0, 0, 1),
(54, '雷神（ThundeRobot）', '雷神（ThundeRobot）G170SG 15.3英寸游戏本（i7-4710MQ 8G 1TB GTX850M 2G独显 D刻 背光键盘 全高清屏）灰国庆大促 大屏更爽】玩游戏不再跑网吧，不用台式机，全高清大屏轻松搞定！&', 6499.00, 6499.00, '2014-10-03/50_542ea772525b9.jpg', '2014-10-03/220_542ea772525b9.jpg', 0, 0, 1),
(55, '微星（msi', '微星（msi） GE40 2PC-486XCN 14.1英寸游戏笔记本 （i5-4210MQ 4GB 1T GTX850M 2G )黑色十一狂欢价】限时特价 “龙眼”模具犀利外观 强劲性能走到哪里都可以畅想游戏', 5199.00, 5199.00, '2014-10-03/50_542ea7dd9f383.jpg', '2014-10-03/220_542ea7dd9f383.jpg', 0, 0, 1),
(56, '微星（msi）', '微星（msi） GE60 2PL-269XCN 15.6英寸游戏笔记本 （i7-4710HQ 4G 750G GTX850M 2G ）黑色十一狂欢价 GE60京东特供版】给你一款真正的游戏本 i7 GTX850M 15.6英寸高清雾面屏', 5999.00, 5999.00, '2014-10-03/50_542ea80682e33.jpg', '2014-10-03/220_542ea80682e33.jpg', 0, 0, 1),
(57, '微星（msi）', '微星（msi）GE60 2PF-459XCN 15.6寸游戏笔记本电脑 (i7-4810MQ 8G 1T GTX860M 2G 多彩背光）黑色  18px; whi十一狂欢价】点睛之作 GTX860 2G独显 更快i7-4810MQ 无视一切游戏 轻松助跑', 7299.00, 7299.00, '2014-10-03/50_542ea83423abf.jpg', '2014-10-03/220_542ea83423abf.jpg', 0, 0, 1),
(58, '东芝（TOSHIBA）', '东芝（TOSHIBA） M50-AT01S1 15.6英寸笔记本（i5-4200U 4G 500G GT740M 2G独显 DOS)月光银 下单立返200】金属机身，顶级音响，精工品质，值得信赖', 4699.00, 4699.00, '2014-10-03/50_542ea89a8a1ce.jpg', '2014-10-03/220_542ea89a8a1ce.jpg', 0, 0, 1),
(59, '东芝（TOSHIBA）', '东芝（TOSHIBA） C50-AC09W1 15.6英寸笔记本（I3-3110M 2G 500G 1G 独显 USB3.0 DOS）雪晶白国庆大促款！】15寸大屏1G独显？不是梦！听觉盛宴，气质外观C系列模具14寸I5版，加大内存，加大容量，促销进行中，走过路过不要错过', 2699.00, 2699.00, '2014-10-03/50_542ea8cd548f6.jpg', '2014-10-03/220_542ea8cd548f6.jpg', 0, 0, 1),
(60, '东芝（TOSHIBA）', '东芝（TOSHIBA） L40-AT28W1 14英寸笔记本（I5-4200U 4G 750G GT740M 2G独显 DOS)雪晶白全新东芝L40-A系列，4G内存，750G大容量，2G独显，想怎么搞就怎么搞', 3799.00, 3799.00, '2014-10-03/50_542ea90497bc4.jpg', '2014-10-03/220_542ea90497bc4.jpg', 0, 0, 1),
(61, '联想（Lenovo） Y430p', '14.0英寸笔记本电脑（i7-4710MQ 8G 1T GTX850M 2G独显 DVD刻摄', 7352.00, 6299.00, '2014-10-03/50_542e98194b2cd.jpg', '2014-10-03/220_542e98194b2cd.jpg', 0, 0, 1),
(62, '神舟（HASEE）', '战神K650D-i5 D1 15.6英寸笔记本(i5-4210M 4G 500G GTX850M 2G独显 ', 5344.00, 4399.00, '2014-10-03/50_542e9fb25d4d9.jpg', '2014-10-03/220_542e9fb25d4d9.jpg', 0, 0, 1),
(63, '雷神（ThundeRobot）911-E1', '15.6英寸游戏本（i7-4710HQ 4G 500G GTX850M 2G DDR', 6235.00, 5999.00, '2014-10-03/50_542ea0e57b787.jpg', '2014-10-03/220_542ea0e57b787.jpg', 0, 0, 1),
(64, '微星（msi）', 'GE60 2PL-403XCN 15.6英寸游戏笔记本电脑 （i5-4200HQ 4G 750G GTX850M', 5478.00, 5399.00, '2014-10-03/50_542ea30c413e5.jpg', '2014-10-03/220_542ea30c413e5.jpg', 0, 0, 1),
(65, '联想（Lenovo） Y510p', '15.6英寸笔记本电脑（i5-4200M 4G 1T 2x2G独显 摄像头 Win8）黑色', 6555.00, 6099.00, '2014-10-03/50_542ea3946ca62.jpg', '2014-10-03/220_542ea3946ca62.jpg', 0, 0, 1),
(66, '机械革命（MECHREVO）MR X3', '热血版 14英寸 (i7-4712MQ 4G 64G+500G GTX850M 2G独显', 5326.00, 4999.00, '2014-10-03/50_542ea435dfb26.jpg', '2014-10-03/220_542ea435dfb26.jpg', 0, 0, 1),
(67, '战神K660E-i7D4', '15.6英寸笔记本电脑(i7-4710MQ 8G 120G SSD +1TB GTX860M 背光键盘', 7145.00, 6299.00, '2014-10-03/50_542ea5870198e.jpg', '2014-10-03/220_542ea5870198e.jpg', 0, 0, 1),
(68, '华硕（ASUS） N550JK', '15.6英寸笔记本（i7-4700HQ 4G 7200转750G GTX850M 4G独显 19', 7899.00, 7599.00, '2014-10-03/50_542ea64613a57.jpg', '2014-10-03/220_542ea64613a57.jpg', 0, 0, 1),
(69, '来人类（Terrans Force） X811', '17.3英寸游戏本(i7-4710MQ 8G 128G固态+1TB GTX870', 12012.00, 9999.00, '2014-10-03/50_542ea7703bb2d.jpg', '2014-10-03/220_542ea7703bb2d.jpg', 0, 0, 1),
(70, '联想（Lenovo） Y50-70', '15.6英寸笔记本电脑（i7-4710HQ 8G 1T 4G独显 摄像头 Win8）部落版', 9999.00, 8999.00, '2014-10-03/50_542ea813b2314.jpg', '2014-10-03/220_542ea813b2314.jpg', 0, 0, 1),
(71, '苹果（Apple） iPad mini', 'MD531CH/A 7.9英寸平板电脑 （16G WiFi版）白色', 2365.00, 1888.00, '2014-10-03/50_542eaa1026134.jpg', '2014-10-03/220_542eaa1026134.jpg', 0, 0, 1),
(72, '小米（MI）', '7.9英寸平板 WIFI 64GB（NVIDIA Tegra K1 2.2GHz 2G 64G 2048*1536视', 1868.00, 1699.00, '2014-10-03/50_542eab88b3137.jpg', '2014-10-03/220_542eab88b3137.jpg', 0, 0, 1),
(73, '苹果（Apple）iPad Air', 'MD789CH/A 9.7英寸平板电脑 （32G WiFi版）银色', 5356.00, 4288.00, '2014-10-03/50_542eae017f5d8.jpg', '2014-10-03/220_542eae017f5d8.jpg', 0, 0, 1),
(74, '华为（HUAWEI） 荣耀X1', '7英寸 移动/联通双4G版 通话平板（月光银）', 2199.00, 1999.00, '2014-10-03/50_542eaedd81378.jpg', '2014-10-03/220_542eaedd81378.jpg', 0, 0, 1),
(75, '微软（Microsoft） Surface Pro 3', '（专业版 Intel i7 256G存储 8G内存）5D2-00009', 11255.00, 11088.00, '2014-10-03/50_542eaf7be8bf5.jpg', '2014-10-03/220_542eaf7be8bf5.jpg', 0, 0, 1),
(76, '酷比魔方（CUBE） iwork8', '8英寸平板电脑（Intel Z3735D IPS屏 2GB/32G eMMC存储 200万镜', 1556.00, 699.00, '2014-10-03/50_542eb0348e106.jpg', '2014-10-03/220_542eb0348e106.jpg', 0, 0, 1),
(77, '戴尔（DELL） Venue 8 Pro', '8英寸平板电脑（四核3740D 2G 32G eMMC IPS Win8.1）黑', 1699.00, 1399.00, '2014-10-03/50_542eb0b021701.jpg', '2014-10-03/220_542eb0b021701.jpg', 0, 0, 1),
(78, '三星（SAMSUNG） GALAXY Tab PRO T320', '8.4英寸平板电脑(分辨率2560X1600 四核 16G 白色', 2456.00, 1959.00, '2014-10-03/50_542eb1585076d.jpg', '2014-10-03/220_542eb1585076d.jpg', 0, 0, 1),
(79, '酷派 大神(9976A)', '7英寸3G双卡双待 通话平板 首款8核CPU 2GRAM 超FHD视网膜屏 1300W摄像头（汉玉白）', 1599.00, 1488.00, '2014-10-03/50_542eb1f9f263b.jpg', '2014-10-03/220_542eb1f9f263b.jpg', 0, 0, 1),
(80, '华为MediaPad', '10Link+平板电脑(10.1''''1280x800 金属一体化机身 四核1.6GHz 6600mAh大电', 1578.00, 1499.00, '2014-10-04/50_542f4aa7f0e69.jpg', '2014-10-04/220_542f4aa7f0e69.jpg', 0, 0, 1),
(81, '微软（Microsoft） Surface Pro', '3键盘盖（黑色）RD2-00052', 1288.00, 988.00, '2014-10-04/50_542f4c0a493da.jpg', '2014-10-04/220_542f4c0a493da.jpg', 0, 0, 1),
(82, '亿色 (ESR)', 'iPad4/new iPad/iPad3/iPad2 Smart Cover 保护套 经典款 (蓝色)', 155.00, 75.00, '2014-10-04/50_542f4d4f33692.jpg', '2014-10-04/220_542f4d4f33692.jpg', 0, 0, 1),
(83, '罗技（Logitech）', 'iPad平板电脑无线蓝牙超薄键盘盖 黑色', 588.00, 399.00, '2014-10-04/50_542f4e185a5a4.jpg', '2014-10-04/220_542f4e185a5a4.jpg', 0, 0, 1),
(84, '华为（HUAWEI）', '荣耀平板 原装保护套(白色)', 128.00, 88.00, '2014-10-04/50_542f4ecaf2044.jpg', '2014-10-04/220_542f4ecaf2044.jpg', 0, 0, 1),
(85, '酷乐博（CRAB） KP03', '4口 5V 2A 10W 白色USB充电器 小身材大功率快速充电可更换插头', 89.00, 39.00, '2014-10-04/50_542f4f62b0c0b.jpg', '2014-10-04/220_542f4f62b0c0b.jpg', 0, 0, 1),
(86, '贝尔金（BELKIN）', '苹果iPad Air蓝牙键盘一体保护套（白色）F5L151qeWHT', 798.00, 698.00, '2014-10-04/50_542f4ffd4a2cc.jpg', '2014-10-04/220_542f4ffd4a2cc.jpg', 0, 0, 1),
(87, '乐歌（Loctek） X3', '平板电脑支架/桌面床头懒人支架/IPAD支架 通用型 适用于7-11英寸平板电脑（黑色）', 129.00, 99.00, '2014-10-04/50_542f50b79393c.jpg', '2014-10-04/220_542f50b79393c.jpg', 0, 0, 1),
(88, '酷比魔方（ACUBE）iwork10', '专用键盘皮套 二合一 适用10.1英寸平板电脑 黑色', 589.00, 399.00, '2014-10-04/50_542f513c96e64.jpg', '2014-10-04/220_542f513c96e64.jpg', 0, 0, 1),
(89, 'BIAZE 苹果ipad4/ipad3/ipad2保护套', ' 炫彩皮套 休眠唤醒 个性时尚系列 巴黎风采', 129.00, 69.00, '2014-10-04/50_542f51d09741d.jpg', '2014-10-04/220_542f51d09741d.jpg', 0, 0, 1),
(90, '联想（Lenovo） IdeaCentre C340', '20英寸一体电脑 （i3-3240T 4G内存 500G硬盘 D刻 摄像头', 4568.00, 3399.00, '2014-10-04/50_542f53224c238.jpg', '2014-10-04/220_542f53224c238.jpg', 0, 0, 1),
(91, '戴尔（DELL） Vostro 3800-R3208', '台式电脑（奔腾双核 2G 500G DVD 三年上门服务 Win8）黑', 2689.00, 2799.00, '2014-10-04/50_542f540884169.jpg', '2014-10-04/220_542f540884169.jpg', 0, 0, 1),
(92, '宏碁（acer） AT7-N52', '台式电脑 （G3240双核 4G 500G 集显 DVD 键鼠 win8.1 ）19.5英寸', 2899.00, 2599.00, '2014-10-04/50_542f54f58ad0e.jpg', '2014-10-04/220_542f54f58ad0e.jpg', 0, 0, 1),
(93, '机械革命（MECHREVO） MR Q7', '游戏台式主机 (四核i7-4790 8G 1T GTX760 2G游戏独显 500W电', 6599.00, 5499.00, '2014-10-04/50_542f56bd02d78.jpg', '2014-10-04/220_542f56bd02d78.jpg', 0, 0, 1),
(94, '清华同方（THTF） 精锐X1-BI03', '台式电脑(intel Baytrail-D J1800 2G 500G 核芯显卡 有线键', 2599.00, 2099.00, '2014-10-04/50_542f57220b93b.jpg', '2014-10-04/220_542f57220b93b.jpg', 0, 0, 1),
(95, '苹果（Apple） iMac ME087CH/A', '21.5英寸一体电脑', 12228.00, 10288.00, '2014-10-04/50_542f57893c619.jpg', '2014-10-04/220_542f57893c619.jpg', 0, 0, 1),
(96, '联想（Lenovo） IdeaCentre C560', '23英寸一体电脑（G3240T 4G 1T 2G独显 DVD刻录 win8', 4589.00, 3999.00, '2014-10-04/50_542f5801626fa.jpg', '2014-10-04/220_542f5801626fa.jpg', 0, 0, 1),
(97, '惠普（HP） 500-330cx', '台式主机 （i3-4150 4GB 500G DVD-ROM 键鼠 Linux）', 2899.00, 2599.00, '2014-10-04/50_542f58f9bc930.jpg', '2014-10-04/220_542f58f9bc930.jpg', 0, 0, 1),
(98, '戴尔（DELL） Vostro 3900', 'R3938 台式电脑（i5-4460 4G 1T DVDRW 1G独显 三年上门服务 ', 5899.00, 5499.00, '2014-10-04/50_542f595990bf0.jpg', '2014-10-04/220_542f595990bf0.jpg', 0, 0, 1),
(99, '清华同方（THTF） 精锐U850-BI01', '台式电脑(四核i5-4460 4G 1T GT705独显 WIFI 蓝牙 4.0 ', 4599.00, 3999.00, '2014-10-04/50_542f59f1f0615.jpg', '2014-10-04/220_542f59f1f0615.jpg', 0, 0, 1),
(100, '联想（Lenovo） 家悦 s530', '台式电脑 （i3-4150 4G内存 500G硬盘 1G独显 千兆网卡 DVD Win8.', 3899.00, 3799.00, '2014-10-04/50_542f5a6be236b.jpg', '2014-10-04/220_542f5a6be236b.jpg', 0, 0, 1),
(101, '惠普（HP） Z220SFF', 'G1S85PA工作站 （E3-1225v2 /2*4GB/1TB/DVD/DOS)', 4899.00, 4588.00, '2014-10-04/50_542f5eec69d53.jpg', '2014-10-04/220_542f5eec69d53.jpg', 0, 0, 1),
(102, '惠普（HP） Z220SFF F4F04PA', '工作站 （i5-3470 /4GB/1TB/DVD/DOS)', 4088.00, 3888.00, '2014-10-04/50_542f5f374835d.jpg', '2014-10-04/220_542f5f374835d.jpg', 0, 0, 1),
(103, '戴尔（DELL） PowerEdge T20', '服务器 （E3-1225/4G/1T SATA）', 5288.00, 4988.00, '2014-10-04/50_542f5f8e7bf71.jpg', '2014-10-04/220_542f5f8e7bf71.jpg', 0, 0, 1),
(104, '戴尔（DELL） PowerEdge R320', '(E5-2403/8G/1TB SATA/DVDRW/冷电单电/3年NBD)', 8099.00, 7988.00, '2014-10-04/50_542f600d372d9.jpg', '2014-10-04/220_542f600d372d9.jpg', 0, 0, 1),
(105, '联想（Lenovo）', '塔式服务器ThinkServer TS240 (i3-4130 4GB 1TB SATA非热插拔 DVD', 4599.00, 3799.00, '2014-10-04/50_542f6075d272a.jpg', '2014-10-04/220_542f6075d272a.jpg', 0, 0, 1),
(106, 'IBM X3100 M4', '塔式服务器 2582C2C(E3-1230 4G 无硬盘/标配4个硬盘位 DVD 键鼠 支持软RAID', 6899.00, 6488.00, '2014-10-04/50_542f60dae9d50.jpg', '2014-10-04/220_542f60dae9d50.jpg', 0, 0, 1),
(107, '惠普（HP） Z220SFF', 'F4F10PA工作站 （i5-3470 /8GB/2TB/DVD/DOS)', 5289.00, 4288.00, '2014-10-04/50_542f668dbc877.jpg', '2014-10-04/220_542f668dbc877.jpg', 0, 0, 1),
(108, '苹果（Apple） Mac Pro MD878CH/A', '专业级台式电脑', 30000.00, 28888.00, '2014-10-04/50_542f66f7807b8.jpg', '2014-10-04/220_542f66f7807b8.jpg', 0, 0, 1),
(109, '惠普（HP） ZBOOK14', '14英寸移动工作站 i5-4200U/4G/32G SSD+750G/M4100(1G独显)/Wi', 10000.00, 8499.00, '2014-10-04/50_542f675ae2cb6.jpg', '2014-10-04/220_542f675ae2cb6.jpg', 0, 0, 1),
(110, 'IBM X3250 M4', '机架式服务器 2583i14(i3-2120 4G 无硬盘/标配2个硬盘位 无光驱 支持软RAID 0', 7288.00, 6888.00, '2014-10-04/50_542f67a8e1ee3.jpg', '2014-10-04/220_542f67a8e1ee3.jpg', 0, 0, 1),
(111, 'dostyle LC101', '双肩电脑包14英寸', 189.00, 139.00, '2014-10-04/50_542f6bc343bf0.jpg', '2014-10-04/220_542f6bc343bf0.jpg', 0, 0, 1),
(112, '瑞士军刀（Swissgear） SA-9393III', '15.1英寸超强升级版防水1680D面料时尚休闲双肩笔记本电脑背包 黑色', 198.00, 138.00, '2014-10-04/50_542f6c57a5858.jpg', '2014-10-04/220_542f6c57a5858.jpg', 0, 0, 1),
(113, '瑞士军刀（Swissgear） SA-9360', '15.6英寸电脑包 护背双肩电脑背包 商务休闲标准确型 黑色', 299.00, 188.00, '2014-10-04/50_542f6cc7404be.jpg', '2014-10-04/220_542f6cc7404be.jpg', 0, 0, 1),
(114, '步箭（Bujian） T20K', '笔记本抽风散热器 全尺寸适用 黑色', 189.00, 79.00, '2014-10-04/50_542f6d5702184.jpg', '2014-10-04/220_542f6d5702184.jpg', 0, 0, 1),
(115, '雷神（ThundeRobot）', '专属游戏本战斗包', 1299.00, 699.00, '2014-10-04/50_542f6e42a2db3.jpg', '2014-10-04/220_542f6e42a2db3.jpg', 0, 0, 1),
(116, '瑞士瑞动(SWISSMOBILITY)', '电脑包 15.6英寸笔记本电脑双肩背包 MT-5346-02T00 商务时尚休闲包 黑色', 169.00, 99.00, '2014-10-04/50_542f6ec94bde8.jpg', '2014-10-04/220_542f6ec94bde8.jpg', 0, 0, 1),
(117, '瑞士瑞动(SWISSMOBILITY)电脑包', '15.6英寸笔记本电脑双肩背包 MT-5861-02T00 商务时尚休闲包', 199.00, 128.00, '2014-10-04/50_542f6f4d446f4.jpg', '2014-10-04/220_542f6f4d446f4.jpg', 0, 0, 1),
(118, 'dostyle LC306', '双肩电脑包15.6英寸', 600.00, 399.00, '2014-10-04/50_542f6fd00c27c.jpg', '2014-10-04/220_542f6fd00c27c.jpg', 0, 0, 1),
(119, '步箭（Bujian） T102', '笔记本散热器 适用于15.6寸以下笔记本 黑色', 129.00, 29.00, '2014-10-04/50_542f7114defd9.jpg', '2014-10-04/220_542f7114defd9.jpg', 0, 0, 1),
(120, '戴尔(DELL)', '电源适配器DELL笔记本19.5V 4.62A 90W电源适配器充电器', 289.00, 179.00, '2014-10-04/50_542f717d8e2d3.jpg', '2014-10-04/220_542f717d8e2d3.jpg', 0, 0, 1),
(121, 'ThinkPad New X1 Carbon (20A8A0SCCD)', 'ThinkPad New X1 Carbon (20A8A0SCCD) 14英寸超极本 （i5-4210U 4G 180GSSD Win7HB 64位', 9258.00, 8999.00, '2014-10-03/50_542e90a537a78.jpg', '2014-10-03/220_542e90a537a78.jpg', 0, 0, 1),
(122, '​ThinkPad New X1 Carbon (20A8A0X2CD)', 'ThinkPad New X1 Carbon (20A8A0X2CD) 14英寸超极本（i5-4210U 4G 128GSSD Win7 64位', 9928.00, 8758.00, '2014-10-03/50_542e9166d9dd9.jpg', '2014-10-03/220_542e9166d9dd9.jpg', 0, 0, 1),
(123, 'Thinkpad S230U（33472L0）', 'Thinkpad S230U（33472L0） 12.5英寸超极本 (i5-3427U 4G 500G+24G HD4000 蓝牙 摄像头 W8）摩卡黑', 7348.00, 6558.00, '2014-10-03/50_542e9229d40d0.jpg', '2014-10-03/220_542e9229d40d0.jpg', 0, 0, 1),
(124, 'ThinkPad S230u（33474YC）', 'ThinkPad S230u（33474YC） 12.5英寸超极本 (i7-3537U 8G 500G+24G HD4000 蓝牙 摄像头 Win8）摩卡黑', 8625.00, 7999.00, '2014-10-03/50_542e92e66ed19.jpg', '2014-10-03/220_542e92e66ed19.jpg', 0, 0, 1),
(125, 'ThinkPad T440(20B6002XCD)', '&lt;p&gt;ThinkPad T440(20B6002XCD)14英寸超极本（i5-4200U 4G 500G+16G Msata 1G独显指纹蓝牙 Win8 3芯+3芯&lt;/p&gt;', 7058.00, 6599.00, '2014-10-03/50_542e96483391d.jpg', '2014-10-03/220_542e96483391d.jpg', 0, 0, 1),
(126, 'ThinkPad X240S(20AJA055CD )', 'ThinkPad X240S(20AJA055CD ) 12.5英寸超级本（i7-4510U 8G 1TB+16GM2SSD 3+3芯电池 Win7HB 64位）&lt;/span&gt;&lt;/h1&gt;&lt;p&gt;&lt;br/&gt;&lt;/p&gt;', 10258.00, 9999.00, '2014-10-03/50_542e96f8c7825.jpg', '2014-10-03/220_542e96f8c7825.jpg', 0, 0, 1),
(127, '戴尔（DELL） Ins14HR-1808TS', '戴尔（DELL） Ins14HR-1808TS 灵越14英寸触控超极本（i7-4500U 8G 256GB SSD USB3.0关机充电 Win8）银', 10000.00, 9399.00, '2014-10-03/50_542e97b957ec0.jpg', '2014-10-03/220_542e97b957ec0.jpg', 0, 0, 1),
(128, '戴尔（DELL） Ins14HR-2608TS', '戴尔（DELL） Ins14HR-2608TS 灵越14英寸触控超极本（i5-4200U 6G 128G SSD 关机充电 Win8）银', 8000.00, 7199.00, '2014-10-03/50_542e998558cb1.jpg', '2014-10-03/220_542e998558cb1.jpg', 0, 0, 1),
(129, '戴尔（DELL） Ins14HR-3508S', '戴尔（DELL） Ins14HR-3508S 灵越14英寸超极本（i5-4210U 6G 500G+32G mSATA USB3.0关机充电 Win8）银', 7099.00, 6999.00, '2014-10-03/50_542e99fdb95e6.jpg', '2014-10-03/220_542e99fdb95e6.jpg', 0, 0, 1),
(130, '戴尔（DELL） Ins15HR-3628TS', '戴尔（DELL） Ins15HR-3628TS 灵越15英寸触控超极本（i5-4210U 6G 1T GT750M 2G独显 win8）银', 7099.00, 6999.00, '2014-10-03/50_542e9a7b0ec53.jpg', '2014-10-03/220_542e9a7b0ec53.jpg', 0, 0, 1),
(131, '戴尔（DELL） XPS13R-7508T', '戴尔（DELL） XPS13R-7508T 13英寸触控超极本（i5-4200U 4G 128G 固态硬盘 蓝牙 关机充电 Win8）银', 10000.00, 9299.00, '2014-10-03/50_542e9af7b9304.jpg', '2014-10-03/220_542e9af7b9304.jpg', 0, 0, 1),
(132, '戴尔（DELL） XPS13R-7708T', '戴尔（DELL） XPS13R-7708T 13英寸触控超极本（i7-4500U 8G 256G 固态硬盘 蓝牙 关机充电 Win8）银', 13000.00, 12499.00, '2014-10-03/50_542e9b85aaa7f.jpg', '2014-10-03/220_542e9b85aaa7f.jpg', 0, 0, 1),
(133, '戴尔（DELL） XPS14R-4618', '戴尔（DELL） XPS14R-4618 14英寸超极本 （i5-3337U 4G内存 500G+32G固态 GT630M 1G独显 蓝牙 Win8）', 11999.00, 8999.00, '2014-10-03/50_542e9bf0dd1fd.jpg', '2014-10-03/220_542e9bf0dd1fd.jpg', 0, 0, 1),
(134, '东芝（TOSHIBA） KIRA-AT01S', '东芝（TOSHIBA） KIRA-AT01S 13.3英寸超极本（ i7-4500U 8G 256GSSD 核芯显卡4400 3 USB3.0 WIN8)月光银', 16999.00, 14999.00, '2014-10-03/50_542e9c8d5aeb9.jpg', '2014-10-03/220_542e9c8d5aeb9.jpg', 0, 0, 1),
(135, '东芝（TOSHIBA） M50-AT01S1', '东芝（TOSHIBA） M50-AT01S1 15.6英寸笔记本（i5-4200U 4G 500G GT740M 2G独显 DOS)月光银', 4999.00, 4699.00, '2014-10-03/50_542e9d2312df3.jpg', '2014-10-03/220_542e9d2312df3.jpg', 0, 0, 1),
(136, '东芝（TOSHIBA） Z15t-AK01S', '东芝（TOSHIBA） Z15t-AK01S 11.6英寸可插拔超极本（i5-3339Y 4G 128GSSD HD4000显卡 蓝牙4.0)银色', 12999.00, 10999.00, '2014-10-03/50_542ea01070497.jpg', '2014-10-03/220_542ea01070497.jpg', 0, 0, 1),
(137, '东芝（TOSHIBA） Z30-AK01S', '东芝（TOSHIBA） Z30-AK01S 13.3英寸笔记本（I7-4600U 8G 256GSSD HD4400核心显卡 蓝牙4.0 Win8)银色', 10999.00, 9999.00, '2014-10-03/50_542ea0a2aeb94.jpg', '2014-10-03/220_542ea0a2aeb94.jpg', 0, 0, 1),
(138, '东芝（TOSHIBA） Z830-T11S', '东芝（TOSHIBA） Z830-T11S 13.3英寸超极本（i5-3337U 2G+2G 128GSSD 核芯显卡4000 USB3.0 蓝牙4.0 )银色', 9398.00, 9348.00, '2014-10-03/50_542ea1331ae37.jpg', '2014-10-03/220_542ea1331ae37.jpg', 0, 0, 1),
(139, '海尔（Haier） 7G-5s', '海尔（Haier） 7G-5s 14英寸超极本（酷睿i3-3217 4G 500G+32GSSD GT635M 1G Win7）蓝色', 3999.00, 3299.00, '2014-10-03/50_542ea1bb124bb.jpg', '2014-10-03/220_542ea1bb124bb.jpg', 0, 0, 1),
(140, '海尔（Haier） Lafite', '海尔（Haier） Lafite 13英寸超极本（i5-4200U 4G 128G SSD 1080P 超轻薄 Win8） 科技灰', 7558.00, 7548.00, '2014-10-03/50_542ea257b3cab.jpg', '2014-10-03/220_542ea257b3cab.jpg', 0, 0, 1),
(141, '海尔（Haier） Sailing P11A', '海尔（Haier） Sailing P11A 11.6英寸变形触控本（i3-3217 4G 128G SSD 蓝牙 双摄 10小时待机 Win8)黑色', 3999.00, 3899.00, '2014-10-03/50_542ea2e2df205.jpg', '2014-10-03/220_542ea2e2df205.jpg', 0, 0, 1),
(142, '宏碁（acer） M3-581TG-33224G52Makk', '宏碁（acer） M3-581TG-33224G52Makk 15.6英寸超极本 （i3-3227U 4G 20GB固态硬盘+500GB 1G独显 Win8)', 4699.00, 4499.00, '2014-10-03/50_542ea384d9892.jpg', '2014-10-03/220_542ea384d9892.jpg', 0, 0, 1),
(143, '宏碁（acer） P3-171-3322Y2G12as', '宏碁（acer） P3-171-3322Y2G12as 11.6英寸变形触控超极本 （i3-3229Y 2G 120G SSD Win8 IPS技术 触控屏）', 5699.00, 4999.00, '2014-10-03/50_542ea4015e543.jpg', '2014-10-03/220_542ea4015e543.jpg', 0, 0, 1),
(144, '宏碁（acer） P3-171-5333Y2G12as', '宏碁（acer） P3-171-5333Y2G12as 11.6英寸变形触控超极本 （i5-3339Y 2G 120G SSD Win8 IPS技术 触控屏）', 4628.00, 4608.00, '2014-10-03/50_542ea4b05631d.jpg', '2014-10-03/220_542ea4b05631d.jpg', 0, 0, 1),
(145, '宏碁（acer） S7-391-53334G12aws', '&lt;p&gt;宏碁（acer） S7-391-53334G12aws 13.3英寸触控超极本 (i5-3337U 4G 128G固态硬盘 WIN8 全高清触控屏)&lt;/p&gt;', 9000.00, 7999.00, '2014-10-10/50_54377a615f129.jpg', '2014-10-10/220_54377a615f129.jpg', 0, 0, 1),
(146, '宏碁（acer） S7-391-53334G25aws', '宏碁（acer） S7-391-53334G25aws 13.3英寸触控超极本 (i5-3337U 4G 256G固态硬盘 WIN8 全高清触控屏)', 10999.00, 8999.00, '2014-10-03/50_542ea5bd14183.jpg', '2014-10-03/220_542ea5bd14183.jpg', 0, 0, 1),
(147, '宏碁（acer） S7-391-73534G25aws', '宏碁（acer） S7-391-73534G25aws&amp;nbsp;13.3英寸触控超极本 (i7-3537U 4G 256G固态硬盘 WIN8 全高清触控屏)', 11999.00, 9999.00, '2014-10-03/50_542ea63fad304.jpg', '2014-10-03/220_542ea63fad304.jpg', 0, 0, 1),
(148, '华硕（ASUS） TAICHI', '华硕（ASUS） TAICHI 13.3英寸触控超极本 （i7-3537U 4G 256G SSD 双面高分屏 双摄像头 可触控 Win8 黑色）', 13999.00, 7988.00, '2014-10-03/50_542ea70ea1bdf.jpg', '2014-10-03/220_542ea70ea1bdf.jpg', 0, 0, 1),
(149, '华硕（ASUS）TP300LD', '华硕（ASUS）TP300LD 13.3英寸变形触控超级本 （i5-4210U 4G 500GB GT820M 2G独显 360度翻转屏）', 5799.00, 5499.00, '2014-10-03/50_542ea780d279e.jpg', '2014-10-03/220_542ea780d279e.jpg', 0, 0, 1),
(150, '华硕（ASUS）TP500LN', '华硕（ASUS）TP500LN 15.6英寸变形触控超级本 （i7-4510U 4G 1TB GT840M 2G独显 360度高清翻转屏）', 7099.00, 6599.00, '2014-10-03/50_542ea7f6a4f88.jpg', '2014-10-03/220_542ea7f6a4f88.jpg', 0, 0, 1),
(151, '惠普（HP）EliteBook 820 G1 F6B39PA', '惠普（HP）EliteBook 820 G1 F6B39PA 12.5英寸笔记本电脑（ i5-4200U 4G 500G+32GB Win8）黑色', 7738.00, 7718.00, '2014-10-03/50_542ea89d24cd8.jpg', '2014-10-03/220_542ea89d24cd8.jpg', 0, 0, 1),
(152, '惠普（HP） Elitebook 840 G1 F6B36PA', '惠普（HP） Elitebook 840 G1 F6B36PA 14英寸笔记本电脑（ i5-4200U 4G 500G+32GB HD 8750M Win8）黑色', 13699.00, 10999.00, '2014-10-03/50_542ea90991abe.jpg', '2014-10-03/220_542ea90991abe.jpg', 0, 0, 1),
(153, '惠普（HP）Envy 4-1220TX', '惠普（HP）Envy 4-1220TX 14.0英寸超极本（i5-3337U 4G 500G+32GSSD 2G独显 HD8750M win8 黑红）', 6499.00, 4799.00, '2014-10-03/50_542ea97be2b9f.jpg', '2014-10-03/220_542ea97be2b9f.jpg', 0, 0, 1),
(154, '惠普（HP） Envy 14-k002tx', '惠普（HP） Envy 14-k002tx 14.0英寸笔记本电脑 （i5-4200U 4G 500GB+24G SSD GT740M 2G独显 银色 Win8）', 5999.00, 5299.00, '2014-10-03/50_542eaa327f4c1.jpg', '2014-10-03/220_542eaa327f4c1.jpg', 0, 0, 1),
(155, '联想（Lenovo） U330P', '联想（Lenovo） U330P 13.3英寸超极本（i5-4200U 4G 500G 16G固态硬盘 高清摄像头 Win8）日光橙', 5499.00, 4299.00, '2014-10-03/50_542eaad453e3a.jpg', '2014-10-03/220_542eaad453e3a.jpg', 0, 0, 1),
(156, '联想（Lenovo） U430P', '联想（Lenovo） U430P 14英寸超极本（i7-4500U 4G内存 500G 16G固态硬盘 2G独显 摄像头 Win8）暮光灰', 6999.00, 5699.00, '2014-10-03/50_542eab475abf2.jpg', '2014-10-03/220_542eab475abf2.jpg', 0, 0, 1),
(157, '联想（Lenovo） Yoga2', '联想（Lenovo） Yoga2 11.6英寸触控超极本 （N3530 4G 500G 内置8G SSD 摄像头 蓝牙 Win8.1）日光橙', 4667.00, 4498.00, '2014-10-03/50_542eabdc40ba7.jpg', '2014-10-03/220_542eabdc40ba7.jpg', 0, 0, 1),
(158, '联想（Lenovo） Yoga3', '联想（Lenovo） Yoga2 13.3英寸触控超极本 （i3-4010U 4G 128G固态硬盘 摄像头 蓝牙 Win8.1）日光橙', 5999.00, 5499.00, '2014-10-03/50_542eae21b8926.jpg', '2014-10-03/220_542eae21b8926.jpg', 0, 0, 1),
(159, '联想（Lenovo） Yoga4', '联想（Lenovo） Yoga2 13.3英寸触控超极本 （i3-4010U 4G 128G固态硬盘 摄像头 蓝牙Win8.1）日光橙', 6049.00, 6048.00, '2014-10-03/50_542eaea83db04.jpg', '2014-10-03/220_542eaea83db04.jpg', 0, 0, 1),
(160, '联想（Lenovo） Yoga5', '联想（Lenovo） Yoga2 13.3英寸触控超极本 （i5-4200U 4G 128G固态硬盘 摄像头 蓝牙 Win8.1）日光橙', 6999.00, 6499.00, '2014-10-03/50_542eaf11726e3.jpg', '2014-10-03/220_542eaf11726e3.jpg', 0, 0, 1),
(161, '联想（Lenovo） Yoga13', '联想（Lenovo） Yoga13 II-Pro 13.3英寸触控超极本 （i5-4200U 4G 128G固态硬盘 摄像头 蓝牙 Win8）晧月银', 7999.00, 7999.00, '2014-10-03/50_542eaf7005850.jpg', '2014-10-03/220_542eaf7005850.jpg', 0, 0, 1),
(162, '联想（Lenovo） Yoga13 II-Pro', '联想（Lenovo） Yoga13 II-Pro 13.3英寸触控超极本 （i7-4500U 8G 256G固态硬盘 摄像头 蓝牙 Win8）晧月银', 10999.00, 10999.00, '2014-10-03/50_542eaffd17d2d.jpg', '2014-10-03/220_542eaffd17d2d.jpg', 0, 0, 1),
(163, '清华同方（TongFang） 锋锐U45F', '清华同方（TongFang） 锋锐U45F 14英寸超极本 (i5-3317U 4G 500G 32G固态 核芯显卡 全金属机身 win7)至尊银', 5099.00, 3599.00, '2014-10-03/50_542eb09cefc5f.jpg', '2014-10-03/220_542eb09cefc5f.jpg', 0, 0, 1),
(164, '清华同方（TongFang）锋锐U410', '清华同方（TongFang）锋锐U410 14.0英寸超极本(i3-4010U 4G 128G 核芯显卡 WIFI 超薄机身 WIN7 香槟金)', 3299.00, 2999.00, '2014-10-03/50_542eb1072fc52.jpg', '2014-10-03/220_542eb1072fc52.jpg', 0, 0, 1),
(165, '清华同方（THTF）锋锐U430', '清华同方（THTF）锋锐U430 14.0英寸笔记本 (i7-4500U 4G内存 64G SSD+500G混合硬盘 2G独显 高分屏 win8.1)', 4799.00, 3999.00, '2014-10-03/50_542eb16033820.jpg', '2014-10-03/220_542eb16033820.jpg', 0, 0, 1),
(166, '三星（SAMSUNG） 930X3G-K02', '三星（SAMSUNG） 930X3G-K02 13.3英寸超极本 （i7-4510U 8G 256G SSD 核芯显卡 WIN8.1 蓝牙）曜月黑', 12999.00, 11999.00, '2014-10-03/50_542eb316d9359.jpg', '2014-10-03/220_542eb316d9359.jpg', 0, 0, 1),
(167, '​三星（SAMSUNG）910S3G-K01', '三星（SAMSUNG）910S3G-K01 13.3英寸超极本(i3-4020Y 4G 128G固态硬盘 核芯显卡 WIN8.1 蓝牙)曜月黑', 5048.00, 4799.00, '2014-10-03/50_542eb3a411716.jpg', '2014-10-03/220_542eb3a411716.jpg', 0, 0, 1),
(168, '​三星（SAMSUNG）910S3G-K02', '三星（SAMSUNG）910S3G-K02 13.3英寸超极本（i3-4020Y 4G 128G固态硬盘 核芯显卡 WIN8.1 蓝牙)象牙白', 5138.00, 5078.00, '2014-10-03/50_542eb42a3aeb8.jpg', '2014-10-03/220_542eb42a3aeb8.jpg', 0, 0, 1),
(169, '​三星（SAMSUNG）910S3G-K04', '三星（SAMSUNG）910S3G-K04 13.3英寸超极本(i3-4020Y 4G 128GSSD 核芯显卡 WIN8.1 蓝牙)缤果黄', 5299.00, 4799.00, '2014-10-03/50_542eb48f92bce.jpg', '2014-10-03/220_542eb48f92bce.jpg', 0, 0, 1),
(170, '​三星（SAMSUNG）910S5J-K01', '三星（SAMSUNG）910S5J-K01 15.6英寸超极本 （i5-4200U 4G 128G固态硬盘 核芯显卡 WIN8.1）曜岩黑', 7099.00, 6699.00, '2014-10-03/50_542eb4f44531a.jpg', '2014-10-03/220_542eb4f44531a.jpg', 0, 0, 1),
(171, '​三星（SAMSUNG） 940X3G-K04', '三星（SAMSUNG） 940X3G-K04 13.3英寸触控笔记本电脑 (i5-4200U 4G 256GB SSD 核芯显卡 Win8)曜月黑', 12999.00, 9000.00, '2014-10-03/50_542eb55d02179.jpg', '2014-10-03/220_542eb55d02179.jpg', 0, 0, 1),
(172, '神舟（HASEE） 飞天UI41G D3', '神舟（HASEE） 飞天UI41G D3 14英寸超薄本(intel双核1017U 4G 500G HD核显 wifi 21.6mm超轻薄)土豪金', 2199.00, 1999.00, '2014-10-03/50_542eb5d065ffe.jpg', '2014-10-03/220_542eb5d065ffe.jpg', 0, 0, 1),
(173, '神舟（HASEE） 飞天UI41R D3', '神舟（HASEE） 飞天UI41R D3 14英寸超薄本(intel双核1017U 4G 500G HD核显 wifi 21.6mm超轻薄)中国红', 2199.00, 2099.00, '2014-10-03/50_542eb64295774.jpg', '2014-10-03/220_542eb64295774.jpg', 0, 0, 1),
(174, '​神舟（HASEE） 飞天UT47D1', '神舟（HASEE） 飞天UT47D1 14英寸超极本(i7-3517U 4G 128GSSD Intel核显HD4000 触摸+Win8 金属机身)银色', 5099.00, 4199.00, '2014-10-03/50_542eb69cd0c9a.jpg', '2014-10-03/220_542eb69cd0c9a.jpg', 0, 0, 1),
(175, '索尼（SONY） SVD13228SCB', '索尼（SONY） SVD13228SCB 13.3英寸触控超极本 （i5-4200U 8G 256G固态硬盘 高清显卡 蓝牙 触摸屏 Win8 黑)', 12999.00, 11499.00, '2014-10-03/50_542eb706ab23c.jpg', '2014-10-03/220_542eb706ab23c.jpg', 0, 0, 1),
(176, '索尼（SONY） SVT1121V5CW', '索尼（SONY） SVT1121V5CW 11.6英寸平板式个人电脑 （i3-4020Y 4G 128G固态 高清显卡 蓝牙 触控 Win8 白）', 6999.00, 5999.00, '2014-10-03/50_542eb76a0acdd.jpg', '2014-10-03/220_542eb76a0acdd.jpg', 0, 0, 1),
(177, '​微软（Microsoft）Surface Pro 2专业版128G', '微软（Microsoft）Surface Pro 2专业版128G（第四代酷睿i5 4G内存 128G硬盘 USB3.0 全高清触屏 触控笔）', 7687.00, 7388.00, '2014-10-03/50_542eb8013fab2.jpg', '2014-10-03/220_542eb8013fab2.jpg', 0, 0, 1),
(178, '​微软（Microsoft）Surface Pro 2专业版256G', '&lt;p&gt;微软（Microsoft）Surface Pro 2专业版256G（第四代酷睿i5 8G内存 256G硬盘 USB3.0 全高清触屏 触控笔）&lt;/p&gt;', 9757.90, 9688.00, '2014-10-03/50_542eb85d5f69f.jpg', '2014-10-03/220_542eb85d5f69f.jpg', 0, 0, 1),
(179, '​微软（Microsoft） Surface2 32G', '微软（Microsoft） Surface2 32G（Tegra 4四核 2G内存 32G硬盘 1080P高清屏 USB3.0）', 3037.00, 2988.00, '2014-10-03/50_542eb8b7ab8a7.jpg', '2014-10-03/220_542eb8b7ab8a7.jpg', 0, 0, 1),
(180, 'ThinkPad S5（20B3A022CD）', 'ThinkPad S5（20B3A022CD） 15.6英寸超极本 （i7-4500u 8G 1TB+16G FHD 2G独显指纹Win7家庭版 64）寰宇黑', 9958.00, 9699.00, '2014-10-03/50_542ebb6c27cd9.jpg', '2014-10-03/220_542ebb6c27cd9.jpg', 0, 0, 1),
(181, '达尔优（dare-u）', '达尔优（dare-u） G60 牧马人游戏鼠标 四色呼吸灯变换专业电竞游戏鼠标，CF、LOL大神必备神器', 179.00, 139.00, '2014-10-08/50_54349fd80942e.jpg', '2014-10-08/220_54349fd80942e.jpg', 0, 0, 1),
(182, 'AMD APU系列四核 A10-5800K', 'AMD APU系列四核 A10-5800K 盒装CPU（Socket FM2/3.8GHz/4M缓存/HD 7660D/100W）高频四核APU，高清多媒体技术，智能超频,网游利器！', 1399.00, 629.00, '2014-10-08/50_5434a0bbe0a4c.jpg', '2014-10-08/220_5434a0bbe0a4c.jpg', 0, 0, 1),
(183, '得力(deli)9175 金属网纹多功能办公笔筒', '得力(deli)9175 金属网纹多功能办公笔筒 黑色 得力国庆放大价！做您家庭小助手，生活必备大抢购！', 20.00, 16.00, '2014-10-08/50_5434a1f41218b.jpg', '2014-10-08/220_5434a1f41218b.jpg', 0, 0, 1),
(184, '狼蛛（AULA）八荒网吧版', '狼蛛（AULA）八荒网吧版 发光背光键盘 有线USB键盘 游戏键盘 霸气外观，酷炫背光！四种背光模式任选！超强静音，防滑防汗，游戏超神！', 100.00, 95.00, '2014-10-08/50_5434a2b6b2210.jpg', '2014-10-08/220_5434a2b6b2210.jpg', 0, 0, 1);

-- --------------------------------------------------------

--
-- 表的结构 `jd_products`
--

CREATE TABLE IF NOT EXISTS `jd_products` (
  `productId` int(11) NOT NULL AUTO_INCREMENT COMMENT '商品详细id',
  `prodId` int(11) NOT NULL COMMENT '商品id 对应jd_prods表的prodId',
  `colorId` smallint(6) DEFAULT NULL COMMENT '颜色id 对应jd_color表的colorId',
  `sizeId` tinyint(4) DEFAULT NULL COMMENT '尺寸id 对应jd_size表的sizeId',
  `price` double(8,2) NOT NULL COMMENT '商品单价',
  `amount` int(11) NOT NULL DEFAULT '0' COMMENT '商品库存',
  `gendarId` tinyint(4) DEFAULT NULL COMMENT '性别id 对应jd_gendars表的gendarId',
  `proTypeId` int(11) NOT NULL COMMENT '商品类别id 对应jd_proType表的proTypeId',
  `brandId` int(11) NOT NULL COMMENT '品牌id 对应jd_brands表的brandId',
  `commentNum` int(11) NOT NULL DEFAULT '0' COMMENT '商品评论数',
  `saleNum` int(11) NOT NULL DEFAULT '0' COMMENT '卖出数量',
  `addtime` int(11) NOT NULL COMMENT '创建时间',
  `updata_time` int(11) NOT NULL COMMENT '修改时间',
  `status` tinyint(1) NOT NULL DEFAULT '1' COMMENT '状态 1->启用 0->禁用',
  PRIMARY KEY (`productId`),
  KEY `prodId` (`prodId`),
  KEY `colorId` (`colorId`),
  KEY `sizeId` (`sizeId`),
  KEY `gendarId` (`gendarId`),
  KEY `brandId` (`brandId`),
  KEY `proTypeId` (`proTypeId`),
  KEY `status` (`status`),
  KEY `type` (`proTypeId`,`status`) USING BTREE,
  KEY `brand` (`brandId`,`status`),
  KEY `prods` (`prodId`,`status`),
  KEY `color` (`colorId`,`status`),
  KEY `size` (`sizeId`,`status`),
  KEY `gendar` (`gendarId`,`status`),
  KEY `brand_type` (`proTypeId`,`brandId`,`status`),
  KEY `color_type` (`colorId`,`proTypeId`,`status`),
  KEY `size_type` (`sizeId`,`proTypeId`,`status`),
  KEY `gendar_type` (`gendarId`,`proTypeId`,`status`),
  KEY `color_size` (`colorId`,`sizeId`,`status`),
  KEY `color_gendar` (`colorId`,`gendarId`,`status`),
  KEY `color_brand` (`colorId`,`brandId`,`status`),
  KEY `size_gendar` (`sizeId`,`gendarId`,`status`),
  KEY `size_brand` (`sizeId`,`brandId`,`status`),
  KEY `color_brand_size` (`colorId`,`brandId`,`sizeId`,`status`),
  KEY `color_brand_size_gendar_type` (`colorId`,`sizeId`,`brandId`,`status`,`gendarId`,`proTypeId`) USING BTREE,
  KEY `color_brand_gendar` (`colorId`,`brandId`,`gendarId`,`status`),
  KEY `color_brand_type` (`colorId`,`brandId`,`proTypeId`,`status`),
  KEY `size_brand_type` (`sizeId`,`brandId`,`proTypeId`,`status`),
  KEY `color_size_gendar` (`colorId`,`sizeId`,`gendarId`,`status`) USING BTREE
) ENGINE=MyISAM  DEFAULT CHARSET=utf8 COMMENT='商品详细表' AUTO_INCREMENT=185 ;

--
-- 转存表中的数据 `jd_products`
--

INSERT INTO `jd_products` (`productId`, `prodId`, `colorId`, `sizeId`, `price`, `amount`, `gendarId`, `proTypeId`, `brandId`, `commentNum`, `saleNum`, `addtime`, `updata_time`, `status`) VALUES
(1, 1, 1, 10, 3999.00, 97, 2, 22, 1, 3, 3, 1412337658, 0, 1),
(2, 2, 3, 10, 3599.00, 98, 2, 22, 4, 1, 2, 1412337854, 0, 1),
(3, 3, 1, 10, 3599.00, 100, 2, 22, 2, 0, 0, 1412337932, 0, 1),
(4, 4, 2, 10, 2999.00, 99, 2, 22, 4, 0, 1, 1412338070, 0, 1),
(5, 5, 1, 9, 3699.00, 100, NULL, 22, 2, 0, 0, 1412338176, 0, 1),
(6, 6, 1, 9, 3239.00, 100, 2, 22, 1, 0, 0, 1412338233, 0, 1),
(7, 7, 1, 8, 5199.00, 100, 2, 22, 2, 0, 0, 1412338456, 0, 1),
(8, 8, 1, 9, 4399.00, 100, 2, 22, 8, 0, 0, 1412338525, 0, 1),
(9, 9, 1, 10, 6299.00, 100, 2, 22, 2, 0, 0, 1412338613, 0, 1),
(10, 10, 2, 8, 6500.00, 100, 2, 22, 7, 0, 0, 1412338712, 0, 1),
(11, 11, 1, 8, 2999.00, 100, 2, 22, 2, 0, 0, 1412338836, 0, 1),
(12, 12, 3, 8, 5199.00, 100, 2, 22, 3, 0, 0, 1412339604, 0, 1),
(13, 13, 2, 8, 7599.00, 100, 2, 22, 3, 0, 0, 1412339674, 0, 1),
(14, 14, 2, 7, 7988.00, 100, 2, 22, 3, 0, 0, 1412339720, 0, 1),
(15, 15, 2, 10, 7499.00, 100, 2, 22, 3, 0, 0, 1412339887, 0, 1),
(16, 16, 1, 10, 5699.00, 100, NULL, 22, 2, 0, 0, 1412339998, 0, 1),
(17, 17, 1, 8, 8999.00, 100, 2, 22, 2, 0, 0, 1412340048, 0, 1),
(18, 18, 1, 10, 8999.00, 100, 2, 22, 2, 0, 0, 1412340141, 0, 1),
(19, 19, 2, 10, 5549.00, 100, 2, 22, 2, 0, 0, 1412340210, 0, 1),
(20, 20, 1, 10, 4399.00, 100, 2, 22, 1, 0, 0, 1412340342, 0, 1),
(21, 21, 1, 10, 4409.00, 100, 2, 22, 1, 0, 0, 1412340394, 0, 1),
(22, 22, 3, 10, 2999.00, 100, 2, 22, 4, 0, 0, 1412340540, 0, 1),
(23, 23, 2, 10, 3999.00, 100, 2, 22, 4, 0, 0, 1412340586, 0, 1),
(24, 24, 3, 10, 3199.00, 100, 2, 22, 4, 0, 0, 1412340632, 0, 1),
(25, 25, 5, 10, 4299.00, 100, NULL, 22, 4, 0, 0, 1412340676, 0, 1),
(26, 26, 1, 10, 6199.00, 100, 2, 22, 5, 0, 0, 1412340766, 0, 1),
(27, 27, 1, 9, 3299.00, 100, 2, 22, 5, 0, 0, 1412340812, 0, 1),
(28, 28, 1, 9, 3699.00, 100, 2, 22, 5, 0, 0, 1412340860, 0, 1),
(29, 29, 1, 9, 6199.00, 100, 0, 22, 5, 0, 0, 1412340934, 0, 1),
(30, 30, 3, 10, 3399.00, 100, 2, 22, 6, 0, 0, 1412341092, 0, 1),
(31, 31, 1, 9, 3399.00, 100, 2, 22, 6, 0, 0, 1412341161, 0, 1),
(32, 32, 2, 10, 3299.00, 100, 2, 22, 6, 0, 0, 1412341275, 0, 1),
(33, 33, 3, 10, 4699.00, 97, NULL, 22, 6, 0, 5, 1412341500, 0, 1),
(34, 34, 2, 9, 9288.00, 100, 2, 22, 7, 0, 0, 1412341655, 0, 1),
(35, 35, 2, 8, 15999.00, 100, 2, 22, 7, 0, 0, 1412341880, 0, 1),
(36, 36, 2, 9, 6288.00, 100, 2, 22, 7, 0, 0, 1412341965, 0, 1),
(37, 37, 2, 8, 15999.00, 100, 2, 22, 7, 9, 0, 1412342131, 0, 1),
(38, 38, 2, 11, 17988.00, 100, 2, 22, 7, 0, 0, 1412342277, 0, 1),
(39, 39, 1, 11, 4499.00, 98, 0, 22, 8, 0, 2, 1412342382, 0, 1),
(40, 40, 1, 11, 4499.00, 100, 2, 22, 8, 0, 0, 1412342594, 0, 1),
(41, 41, 1, 11, 4199.00, 100, 0, 22, 8, 0, 0, 1412342648, 0, 1),
(42, 42, 1, 7, 3999.00, 100, 2, 22, 8, 0, 0, 1412342739, 0, 1),
(43, 43, 3, 10, 3099.00, 100, 2, 22, 8, 0, 0, 1412342793, 0, 1),
(44, 44, 2, 11, 3299.00, 100, 2, 22, 9, 0, 0, 1412342887, 0, 1),
(45, 45, 2, 11, 4399.00, 100, 1, 22, 9, 0, 0, 1412342964, 0, 1),
(46, 46, 2, 9, 2999.00, 100, 2, 22, 9, 5, 0, 1412343066, 0, 1),
(47, 47, 3, 11, 2099.00, 100, 2, 22, 9, 0, 0, 1412343182, 0, 1),
(48, 48, 2, 10, 3199.00, 100, 1, 22, 9, 0, 0, 1412343231, 0, 1),
(49, 49, 1, 10, 9688.00, 100, 2, 22, 10, 0, 0, 1412343324, 0, 1),
(50, 50, 1, 12, 7388.00, 98, 2, 22, 10, 0, 7, 1412343396, 0, 1),
(51, 51, 1, 10, 7388.00, 100, 2, 22, 10, 0, 0, 1412343433, 0, 1),
(52, 52, 1, 11, 7499.00, 100, 2, 22, 11, 0, 0, 1412343570, 0, 1),
(53, 53, 1, 11, 10999.00, 100, 2, 22, 11, 0, 0, 1412343623, 0, 1),
(54, 54, 1, 11, 6499.00, 100, 0, 22, 11, 0, 0, 1412343666, 0, 1),
(55, 55, 1, 10, 5199.00, 100, 2, 22, 12, 0, 0, 1412343773, 0, 1),
(56, 56, 1, 11, 5999.00, 100, 2, 22, 12, 0, 0, 1412343814, 0, 1),
(57, 57, 1, 11, 7299.00, 100, 0, 22, 12, 0, 0, 1412343860, 0, 1),
(58, 58, 1, 11, 4699.00, 100, 2, 22, 13, 0, 0, 1412343962, 0, 1),
(59, 59, 2, 11, 2699.00, 100, 2, 22, 13, 0, 0, 1412344013, 0, 1),
(60, 60, 2, 10, 3799.00, 99, 2, 22, 13, 0, 2, 1412344068, 0, 1),
(61, 61, 1, 9, 6299.00, 666, 2, 24, 1, 0, 0, 1412339737, 0, 1),
(62, 62, 1, 9, 4399.00, 675, 2, 24, 8, 0, 0, 1412341682, 0, 1),
(63, 63, 1, 9, 5999.00, 1000, 0, 24, 11, 0, 0, 1412341989, 0, 1),
(64, 64, 3, 9, 5399.00, 547, 0, 24, 12, 0, 0, 1412342540, 0, 1),
(65, 65, 1, 10, 6099.00, 1000, 0, 24, 2, 0, 0, 1412342676, 0, 1),
(66, 66, 1, 9, 4999.00, 1435, 0, 24, 19, 0, 0, 1412342837, 0, 1),
(67, 67, 3, 10, 6299.00, 5367, 0, 24, 8, 0, 0, 1412343175, 0, 1),
(68, 68, 1, 10, 7599.00, 5464, 0, 24, 3, 0, 0, 1412343366, 0, 1),
(69, 69, 1, 10, 9999.00, 547, 0, 24, 14, 0, 0, 1412343664, 0, 1),
(70, 70, 1, 10, 8999.00, 5562, 0, 24, 2, 0, 0, 1412343827, 0, 1),
(71, 71, 2, 11, 1888.00, 1000, 2, 25, 7, 0, 0, 1412344336, 0, 1),
(72, 72, 1, 11, 1699.00, 5674, 2, 25, 23, 0, 2, 1412344712, 0, 1),
(73, 73, 6, 11, 4288.00, 5643, 2, 25, 7, 0, 0, 1412345345, 0, 1),
(74, 74, 6, 11, 1999.00, 5463, 2, 25, 24, 0, 0, 1412345565, 0, 1),
(75, 75, 1, 9, 11088.00, 6434, 2, 25, 10, 0, 0, 1412345723, 0, 1),
(76, 76, 1, 11, 699.00, 3435, 2, 25, 25, 0, 0, 1412345908, 0, 1),
(77, 77, 1, 11, 1399.00, 5364, 2, 25, 5, 0, 0, 1412346032, 0, 1),
(78, 78, 2, 12, 1959.00, 346, 2, 25, 9, 0, 0, 1412346200, 0, 1),
(79, 79, 2, 12, 1488.00, 5473, 2, 25, 26, 0, 0, 1412346361, 0, 1),
(80, 80, 6, 11, 1499.00, 456, 0, 25, 24, 0, 0, 1412385447, 0, 1),
(81, 81, 1, 9, 988.00, 3546, 2, 26, 10, 0, 0, 1412385802, 0, 1),
(82, 82, 7, 11, 75.00, 3457, 2, 26, 27, 0, 0, 1412386127, 0, 1),
(83, 83, 1, 11, 399.00, 34534, 2, 26, 28, 0, 0, 1412386328, 0, 1),
(84, 84, 2, 12, 88.00, 3434, 0, 26, 24, 0, 0, 1412386506, 0, 1),
(85, 85, 2, 12, 39.00, 4567, 2, 26, 29, 0, 0, 1412386658, 0, 1),
(86, 86, 2, 11, 698.00, 453, 2, 26, 30, 0, 0, 1412386813, 0, 1),
(87, 87, 1, 11, 99.00, 3445, 2, 26, 31, 0, 0, 1412386999, 0, 1),
(88, 88, 1, 11, 399.00, 5435, 2, 26, 25, 0, 0, 1412387132, 0, 1),
(89, 89, 2, 11, 69.00, 356, 2, 26, 32, 0, 0, 1412387280, 0, 1),
(90, 90, 1, 8, 3399.00, 5464, 2, 27, 2, 0, 0, 1412387618, 0, 1),
(91, 91, 1, 8, 2799.00, 6574, 2, 27, 5, 0, 0, 1412387848, 0, 1),
(92, 92, 1, 13, 2599.00, 5467, 2, 27, 4, 0, 0, 1412388085, 0, 1),
(93, 93, 1, 13, 5499.00, 5456, 2, 27, 19, 0, 0, 1412388541, 0, 1),
(94, 94, 1, 13, 2099.00, 4578, 2, 27, 15, 0, 0, 1412388642, 0, 1),
(95, 95, 6, 13, 10288.00, 6546, 2, 27, 7, 0, 0, 1412388745, 0, 1),
(96, 96, 2, 14, 3999.00, 546, 2, 27, 1, 0, 0, 1412388865, 0, 1),
(97, 97, 1, 13, 2599.00, 567, 2, 27, 6, 0, 0, 1412389113, 0, 1),
(98, 98, 1, 13, 5499.00, 5678, 2, 27, 5, 0, 0, 1412389209, 0, 1),
(99, 99, 1, 13, 3999.00, 6588, 2, 27, 15, 0, 0, 1412389361, 0, 1),
(100, 100, 1, 13, 3799.00, 546, 2, 27, 2, 0, 0, 1412389483, 0, 1),
(101, 101, 1, 13, 4588.00, 568, 2, 28, 6, 0, 0, 1412390636, 0, 1),
(102, 102, 1, 8, 3888.00, 1000, 2, 28, 6, 0, 0, 1412390711, 0, 1),
(103, 103, 1, 13, 4988.00, 568, 2, 28, 5, 0, 0, 1412390798, 0, 1),
(104, 104, 2, 9, 7988.00, 4533, 2, 28, 5, 0, 0, 1412390925, 0, 1),
(105, 105, 1, 14, 3799.00, 4574, 2, 28, 2, 0, 0, 1412391029, 0, 1),
(106, 106, 1, 14, 6488.00, 568, 2, 28, 1, 0, 0, 1412391130, 0, 1),
(107, 107, 1, 13, 4288.00, 5643, 2, 28, 6, 0, 0, 1412392589, 0, 1),
(108, 108, 1, 9, 28888.00, 564, 2, 28, 7, 0, 0, 1412392695, 0, 1),
(109, 109, 1, 10, 8499.00, 658, 2, 28, 6, 0, 0, 1412392794, 0, 1),
(110, 110, 1, 8, 6888.00, 4564, 2, 28, 1, 0, 0, 1412392872, 0, 1),
(111, 111, 1, 10, 139.00, 4533, 2, 29, 33, 0, 0, 1412393923, 0, 1),
(112, 112, 1, 15, 138.00, 3445, 2, 29, 34, 0, 0, 1412394071, 0, 1),
(113, 113, 1, 15, 188.00, 357, 2, 29, 34, 0, 0, 1412394183, 0, 1),
(114, 114, 1, 12, 79.00, 343, 2, 29, 35, 0, 0, 1412394327, 0, 1),
(115, 115, 1, 7, 699.00, 3657, 2, 29, 11, 0, 0, 1412394562, 0, 1),
(116, 116, 1, 15, 99.00, 546, 2, 29, 36, 0, 0, 1412394697, 0, 1),
(117, 117, 1, 15, 128.00, 1000, 2, 29, 36, 0, 0, 1412394829, 0, 1),
(118, 118, 1, 15, 399.00, 4533, 2, 29, 33, 0, 0, 1412394960, 0, 1),
(119, 119, 1, 10, 29.00, 5674, 2, 29, 35, 0, 0, 1412395284, 0, 1),
(120, 120, 1, 12, 179.00, 5645, 2, 29, 5, 0, 0, 1412395389, 0, 1),
(121, 121, 1, 10, 8999.00, 1000, 2, 23, 1, 0, 0, 1412337829, 0, 1),
(122, 122, 1, 10, 8758.00, 1000, 2, 23, 1, 0, 0, 1412338022, 0, 1),
(123, 123, 1, 9, 6558.00, 1000, 2, 23, 1, 0, 0, 1412338215, 0, 1),
(124, 124, 1, 9, 7999.00, 1000, 2, 23, 1, 0, 0, 1412338406, 0, 1),
(125, 125, 1, 10, 6599.00, 1000, 2, 23, 1, 0, 0, 1412339272, 0, 1),
(126, 126, 1, 9, 9999.00, 1000, 2, 23, 1, 0, 0, 1412339448, 0, 1),
(127, 127, 2, 10, 9399.00, 1000, 2, 23, 5, 0, 0, 1412339641, 0, 1),
(128, 128, 3, 10, 7199.00, 1000, 2, 23, 5, 0, 0, 1412340101, 0, 1),
(129, 129, 3, 10, 6999.00, 1000, 2, 23, 5, 0, 0, 1412340221, 0, 1),
(130, 130, 3, 10, 6999.00, 1000, 2, 23, 5, 0, 0, 1412340347, 0, 1),
(131, 131, 2, 9, 9299.00, 1000, 2, 23, 5, 0, 0, 1412340471, 0, 1),
(132, 132, 3, 9, 9999.99, 1000, 2, 23, 5, 0, 0, 1412340613, 0, 1),
(133, 133, 3, 9, 8999.00, 1000, 2, 23, 5, 0, 0, 1412340720, 0, 1),
(134, 134, 2, 9, 9999.99, 1000, 2, 23, 13, 0, 0, 1412340877, 0, 1),
(135, 135, 5, 7, 4699.00, 1000, 2, 23, 13, 0, 0, 1412341027, 0, 1),
(136, 136, 3, 9, 9999.99, 1000, 2, 23, 13, 0, 0, 1412341776, 0, 1),
(137, 137, 3, 9, 9999.00, 1000, 2, 23, 13, 0, 0, 1412341922, 0, 1),
(138, 138, 3, 9, 9348.00, 1000, 2, 23, 13, 0, 0, 1412342067, 0, 1),
(139, 139, 1, 10, 3299.00, 1000, 2, 23, 17, 0, 0, 1412342203, 0, 1),
(140, 140, 3, 9, 7548.00, 1000, 2, 23, 17, 0, 0, 1412342359, 0, 1),
(141, 141, 1, 9, 3899.00, 1000, 2, 23, 17, 0, 0, 1412342498, 0, 1),
(142, 142, 1, 7, 4499.00, 1000, 2, 23, 4, 0, 0, 1412342660, 0, 1),
(143, 143, 1, 9, 4999.00, 1000, 2, 23, 4, 0, 0, 1412342785, 0, 1),
(144, 144, 1, 9, 4608.00, 1000, 2, 23, 4, 0, 0, 1412342960, 0, 1),
(145, 145, 1, 10, 7999.00, 1000, 0, 23, 12, 0, 0, 1412343091, 0, 1),
(146, 146, 1, 9, 8999.00, 1000, 2, 23, 4, 0, 0, 1412343229, 0, 1),
(147, 147, 1, 9, 9999.00, 1000, 2, 23, 4, 0, 0, 1412343359, 0, 1),
(148, 148, 3, 9, 7988.00, 1000, 2, 23, 3, 0, 0, 1412343566, 0, 1),
(149, 149, 1, 9, 5499.00, 1000, 2, 23, 3, 0, 0, 1412343680, 0, 1),
(150, 150, 1, 7, 6599.00, 1000, 2, 23, 3, 0, 0, 1412343798, 0, 1),
(151, 151, 1, 9, 7718.00, 1000, 2, 23, 6, 0, 0, 1412343965, 0, 1),
(152, 152, 1, 10, 9999.99, 1000, 2, 23, 6, 0, 0, 1412344073, 0, 1),
(153, 153, 1, 10, 4799.00, 1000, 2, 23, 6, 0, 0, 1412344187, 0, 1),
(154, 154, 3, 10, 5299.00, 1000, 2, 23, 6, 0, 0, 1412344370, 0, 1),
(155, 155, 5, 9, 4299.00, 1000, 2, 23, 2, 0, 0, 1412344532, 0, 1),
(156, 156, 3, 10, 5699.00, 1000, 2, 23, 2, 0, 0, 1412344647, 0, 1),
(157, 157, 5, 9, 4498.00, 1000, 2, 23, 2, 0, 0, 1412344796, 0, 1),
(158, 158, 5, 9, 5499.00, 1000, 2, 23, 2, 0, 0, 1412345377, 0, 1),
(159, 159, 5, 9, 6048.00, 1000, 2, 23, 2, 0, 0, 1412345512, 0, 1),
(160, 160, 5, 9, 6499.00, 1000, 2, 23, 2, 0, 0, 1412345617, 0, 1),
(161, 161, 3, 9, 7999.00, 1000, 2, 23, 2, 0, 0, 1412345712, 0, 1),
(162, 162, 3, 9, 9999.99, 1000, 2, 23, 2, 0, 0, 1412345853, 0, 1),
(163, 163, 3, 10, 3599.00, 1000, 2, 23, 15, 0, 0, 1412346012, 0, 1),
(164, 164, 5, 10, 2999.00, 1000, 2, 23, 15, 0, 0, 1412346119, 0, 1),
(165, 165, 1, 10, 3999.00, 1000, 2, 23, 15, 0, 0, 1412346208, 0, 1),
(166, 166, 1, 9, 9999.99, 1000, 2, 23, 9, 0, 0, 1412346646, 0, 1),
(167, 167, 1, 9, 4799.00, 1000, 2, 23, 9, 0, 0, 1412346788, 0, 1),
(168, 168, 2, 9, 5078.00, 1000, 2, 23, 9, 0, 0, 1412346922, 0, 1),
(169, 169, 4, 9, 4799.00, 1000, 2, 23, 9, 0, 0, 1412347023, 0, 1),
(170, 170, 1, 7, 6699.00, 1000, 2, 23, 9, 0, 0, 1412347124, 0, 1),
(171, 171, 1, 9, 9000.00, 1000, 2, 23, 9, 0, 0, 1412347229, 0, 1),
(172, 172, 5, 10, 1999.00, 1000, 2, 23, 8, 0, 0, 1412347344, 0, 1),
(173, 173, 4, 10, 2099.00, 1000, 2, 23, 8, 0, 0, 1412347458, 0, 1),
(174, 174, 3, 10, 4199.00, 1000, 2, 23, 8, 0, 0, 1412347548, 0, 1),
(175, 175, 1, 9, 9999.99, 1000, 0, 23, 22, 0, 0, 1412347654, 0, 1),
(176, 176, 2, 9, 5999.00, 1000, 2, 23, 22, 0, 0, 1412347754, 0, 1),
(177, 177, 1, 9, 7388.00, 1000, 2, 23, 10, 0, 0, 1412347905, 0, 1),
(178, 178, 2, 9, 9688.00, 1000, 2, 22, 10, 0, 0, 1412347997, 0, 1),
(179, 179, 2, 9, 2988.00, 1000, 0, 23, 10, 0, 0, 1412348087, 0, 1),
(180, 180, 1, 7, 9699.00, 1000, 0, 23, 1, 0, 0, 1412348780, 0, 1),
(181, 181, 5, 2, 139.00, 998, 2, 44, 5, 0, 2, 1412734935, 0, 1),
(182, 182, 3, 1, 629.00, 998, 2, 30, 24, 0, 2, 1412735163, 0, 1),
(183, 183, 1, 2, 16.00, 999, 2, 78, 16, 0, 1, 1412735476, 0, 1),
(184, 184, 7, 4, 95.00, 999, 2, 45, 12, 0, 1, 1412735670, 0, 1);

-- --------------------------------------------------------

--
-- 表的结构 `jd_protype`
--

CREATE TABLE IF NOT EXISTS `jd_protype` (
  `proTypeId` int(11) NOT NULL AUTO_INCREMENT COMMENT '商品分类id',
  `proName` char(64) NOT NULL COMMENT '分类名称',
  `proPid` int(11) DEFAULT '0' COMMENT '父级分类id',
  `lv` tinyint(4) NOT NULL COMMENT '等级',
  `proPath` varchar(255) DEFAULT NULL COMMENT '分类路径 逗号分隔',
  `create_time` int(11) NOT NULL COMMENT '创建时间',
  `updata_time` int(11) NOT NULL COMMENT '修改时间',
  `proLive` tinyint(4) NOT NULL DEFAULT '1' COMMENT '状态 1->启用 0->禁用',
  PRIMARY KEY (`proTypeId`)
) ENGINE=MyISAM  DEFAULT CHARSET=utf8 COMMENT='商品分类表' AUTO_INCREMENT=740 ;

--
-- 转存表中的数据 `jd_protype`
--

INSERT INTO `jd_protype` (`proTypeId`, `proName`, `proPid`, `lv`, `proPath`, `create_time`, `updata_time`, `proLive`) VALUES
(1, '电脑、办公', 0, 1, '0,1,', 0, 0, 1),
(2, '图书、音像、数字商品', 0, 1, '0,2,', 0, 0, 1),
(3, '家用电器', 0, 1, '0,3,', 0, 0, 1),
(4, '手机、数码、京东通信', 0, 1, '0,4,', 0, 0, 1),
(5, '家居、家具、家装、厨具', 0, 1, '0,5,', 0, 0, 1),
(6, '男装、女装、内衣、珠宝', 0, 1, '0,6,', 0, 0, 1),
(7, '个护化妆', 0, 1, '0,7,', 0, 0, 1),
(8, '鞋靴、箱包、钟表、奢侈品', 0, 1, '0,8,', 0, 0, 1),
(9, '运动户外', 0, 1, '0,9,', 0, 0, 1),
(10, '汽车用品', 0, 1, '0,10,', 0, 0, 1),
(11, '母婴、玩具乐器', 0, 1, '0,11,', 0, 0, 1),
(12, '食品饮料、酒类、生鲜', 0, 1, '0,12,', 0, 0, 1),
(13, '营养保健', 0, 1, '0,13,', 0, 0, 1),
(14, '彩票、旅行、充值、票务', 0, 1, '0,14,', 0, 0, 1),
(15, '电脑整机', 1, 2, '0,1,15,', 0, 0, 1),
(16, '电脑配件', 1, 2, '0,1,16,', 0, 0, 1),
(17, '外设产品', 1, 2, '0,1,17,', 0, 0, 1),
(18, '网络产品', 1, 2, '0,1,18,', 0, 0, 1),
(19, '办公打印', 1, 2, '0,1,19,', 0, 0, 1),
(20, '办公文仪', 1, 2, '0,1,20,', 0, 0, 1),
(21, '服务产品', 1, 2, '0,1,21,', 0, 0, 1),
(22, '笔记本', 15, 3, '0,1,15,22,', 0, 0, 1),
(23, '超极本', 15, 3, '0,1,15,23,', 0, 0, 1),
(24, '游戏本', 15, 3, '0,1,15,24,', 0, 0, 1),
(25, '平板电脑', 15, 3, '0,1,15,25,', 0, 0, 1),
(26, '平板电脑配件', 15, 3, '0,1,15,26,', 0, 0, 1),
(27, '台式机', 15, 3, '0,1,15,27,', 0, 0, 1),
(28, '服务器/工作站', 15, 3, '0,1,15,28,', 0, 0, 1),
(29, '笔记本配件', 15, 3, '0,1,15,29,', 0, 0, 1),
(30, 'CPU', 16, 3, '0,1,16,30,', 0, 0, 1),
(31, '主板', 16, 3, '0,1,16,31,', 0, 0, 1),
(32, '显卡', 16, 3, '0,1,16,32,', 0, 0, 1),
(33, '硬盘', 16, 3, '0,1,16,33,', 0, 0, 1),
(34, 'SSD固态硬盘', 16, 3, '0,1,16,34,', 0, 0, 1),
(35, '内存', 16, 3, '0,1,16,35,', 0, 0, 1),
(36, '机箱', 16, 3, '0,1,16,36,', 0, 0, 1),
(37, '电源', 16, 3, '0,1,16,37,', 0, 0, 1),
(38, '显示器', 16, 3, '0,1,16,38,', 0, 0, 1),
(39, '刻录机/光驱', 16, 3, '0,1,16,39,', 0, 0, 1),
(40, '声卡/扩展卡', 16, 3, '0,1,16,40,', 0, 0, 1),
(41, '散热器', 16, 3, '0,1,16,41,', 0, 0, 1),
(42, '装机配件', 16, 3, '0,1,16,42,', 0, 0, 1),
(43, '组装电脑', 16, 3, '0,1,16,43,', 0, 0, 1),
(44, '鼠标', 17, 3, '0,1,17,44,', 0, 0, 1),
(45, '键盘', 17, 3, '0,1,17,45,', 0, 0, 1),
(46, '游戏设备', 17, 3, '0,1,17,46,', 0, 0, 1),
(47, 'U盘', 17, 3, '0,1,17,47,', 0, 0, 1),
(48, '移动硬盘', 17, 3, '0,1,17,48,', 0, 0, 1),
(49, '鼠标垫', 17, 3, '0,1,17,49,', 0, 0, 1),
(50, '摄像头', 17, 3, '0,1,17,50,', 0, 0, 1),
(51, '线缆', 17, 3, '0,1,17,51,', 0, 0, 1),
(52, '电玩', 17, 3, '0,1,17,52,', 0, 0, 1),
(53, '手写板', 17, 3, '0,1,17,53,', 0, 0, 1),
(54, '外置盒', 17, 3, '0,1,17,54,', 0, 0, 1),
(55, '电脑工具', 17, 3, '0,1,17,55,', 0, 0, 1),
(56, '电脑清洁', 17, 3, '0,1,17,56,', 0, 0, 1),
(57, 'UPS', 17, 3, '0,1,17,57,', 0, 0, 1),
(58, '插座', 17, 3, '0,1,17,58,', 0, 0, 1),
(59, '路由器', 18, 3, '0,1,18,59,', 0, 0, 1),
(60, '网卡', 18, 3, '0,1,18,60,', 0, 0, 1),
(61, '交换机', 18, 3, '0,1,18,61,', 0, 0, 1),
(62, '网络存储', 18, 3, '0,1,18,62,', 0, 0, 1),
(63, '4G/3G上网', 18, 3, '0,1,18,63,', 0, 0, 1),
(64, '网络盒子', 18, 3, '0,1,18,64,', 0, 0, 1),
(65, '网络配件', 18, 3, '0,1,18,65,', 0, 0, 1),
(66, '打印机', 19, 3, '0,1,19,66,', 0, 0, 1),
(67, '一体机', 19, 3, '0,1,19,67,', 0, 0, 1),
(68, '投影机', 19, 3, '0,1,19,68,', 0, 0, 1),
(69, '投影配件', 19, 3, '0,1,19,69,', 0, 0, 1),
(70, '传真机', 19, 3, '0,1,19,70,', 0, 0, 1),
(71, '复合机', 19, 3, '0,1,19,71,', 0, 0, 1),
(72, '碎纸机', 19, 3, '0,1,19,72,', 0, 0, 1),
(73, '扫描仪', 19, 3, '0,1,19,73,', 0, 0, 1),
(74, '墨盒', 19, 3, '0,1,19,74,', 0, 0, 1),
(75, '硒鼓', 19, 3, '0,1,19,75,', 0, 0, 1),
(76, '墨粉', 19, 3, '0,1,19,76,', 0, 0, 1),
(77, '色带', 19, 3, '0,1,19,77,', 0, 0, 1),
(78, '办公文具', 20, 3, '0,1,20,78,', 0, 0, 1),
(79, '文件管理', 20, 3, '0,1,20,79,', 0, 0, 1),
(80, '笔类', 20, 3, '0,1,20,80,', 0, 0, 1),
(81, '纸类', 20, 3, '0,1,20,81,', 0, 0, 1),
(82, '本册/便签', 20, 3, '0,1,20,82,', 0, 0, 1),
(83, '学生文具', 20, 3, '0,1,20,83,', 0, 0, 1),
(84, '财务用品', 20, 3, '0,1,20,84,', 0, 0, 1),
(85, '计算器', 20, 3, '0,1,20,85,', 0, 0, 1),
(86, '激光笔', 20, 3, '0,1,20,86,', 0, 0, 1),
(87, '白板/封装', 20, 3, '0,1,20,87,', 0, 0, 1),
(88, '考勤机', 20, 3, '0,1,20,88,', 0, 0, 1),
(89, '刻录碟片/附件', 20, 3, '0,1,20,89,', 0, 0, 1),
(90, '点钞机', 20, 3, '0,1,20,90,', 0, 0, 1),
(91, '支付设备/POS机', 20, 3, '0,1,20,91,', 0, 0, 1),
(92, '安防监控', 20, 3, '0,1,20,92,', 0, 0, 1),
(93, '呼叫/会议设备', 20, 3, '0,1,20,93,', 0, 0, 1),
(94, '保险柜', 20, 3, '0,1,20,94,', 0, 0, 1),
(95, '办公家具', 20, 3, '0,1,20,95,', 0, 0, 1),
(96, '上门服务', 21, 3, '0,1,21,96,', 0, 0, 1),
(97, '远程服务', 21, 3, '0,1,21,97,', 0, 0, 1),
(98, '电脑软件', 21, 3, '0,1,21,98,', 0, 0, 1),
(99, '电子书', 2, 2, '0,2,99,', 0, 0, 1),
(100, '数字音乐', 2, 2, '0,2,100,', 0, 0, 1),
(101, '音像', 2, 2, '0,2,101,', 0, 0, 1),
(102, '文艺', 2, 2, '0,2,102,', 0, 0, 1),
(103, '人文社科', 2, 2, '0,2,103,', 0, 0, 1),
(104, '经管励志', 2, 2, '0,2,104,', 0, 0, 1),
(105, '生活', 2, 2, '0,2,105,', 0, 0, 1),
(106, '科技', 2, 2, '0,2,106,', 0, 0, 1),
(107, '少儿', 2, 2, '0,2,107,', 0, 0, 1),
(108, '教育', 2, 2, '0,2,108,', 0, 0, 1),
(109, '其它', 2, 2, '0,2,109,', 0, 0, 1),
(110, '免费', 99, 3, '0,2,99,110,', 0, 0, 1),
(111, '小说', 99, 3, '0,2,99,111,', 0, 0, 1),
(112, '励志与成功', 99, 3, '0,2,99,112,', 0, 0, 1),
(113, '婚恋/两性', 99, 3, '0,2,99,113,', 0, 0, 1),
(114, '文学', 99, 3, '0,2,99,114,', 0, 0, 1),
(115, '经管', 99, 3, '0,2,99,115,', 0, 0, 1),
(116, '畅读VIP', 99, 3, '0,2,99,116,', 0, 0, 1),
(117, '通俗流行', 100, 3, '0,2,100,117,', 0, 0, 1),
(118, '古典音乐', 100, 3, '0,2,100,118,', 0, 0, 1),
(119, '摇滚说唱', 100, 3, '0,2,100,119,', 0, 0, 1),
(120, '爵士蓝调', 100, 3, '0,2,100,120,', 0, 0, 1),
(121, '乡村民谣', 100, 3, '0,2,100,121,', 0, 0, 1),
(122, '有声读物', 100, 3, '0,2,100,122,', 0, 0, 1),
(123, '音乐', 101, 3, '0,2,101,123,', 0, 0, 1),
(124, '影视', 101, 3, '0,2,101,124,', 0, 0, 1),
(125, '教育音像', 101, 3, '0,2,101,125,', 0, 0, 1),
(126, '游戏', 101, 3, '0,2,101,126,', 0, 0, 1),
(127, '小说', 102, 3, '0,2,102,127,', 0, 0, 1),
(128, '文学', 102, 3, '0,2,102,128,', 0, 0, 1),
(129, '青春文学', 102, 3, '0,2,102,129,', 0, 0, 1),
(130, '传记', 102, 3, '0,2,102,130,', 0, 0, 1),
(131, '艺术', 102, 3, '0,2,102,131,', 0, 0, 1),
(132, '历史', 103, 3, '0,2,103,132,', 0, 0, 1),
(133, '心理学', 103, 3, '0,2,103,133,', 0, 0, 1),
(134, '政治/军事', 103, 3, '0,2,103,134,', 0, 0, 1),
(135, '国学/古籍', 103, 3, '0,2,103,135,', 0, 0, 1),
(136, '哲学/宗教', 103, 3, '0,2,103,136,', 0, 0, 1),
(137, '社会科学', 103, 3, '0,2,103,137,', 0, 0, 1),
(138, '经济', 104, 3, '0,2,104,138,', 0, 0, 1),
(139, '金融与投资', 104, 3, '0,2,104,139,', 0, 0, 1),
(140, '管理', 104, 3, '0,2,104,140,', 0, 0, 1),
(141, '励志与成功', 104, 3, '0,2,104,141,', 0, 0, 1),
(142, '家教与育儿', 105, 3, '0,2,105,142,', 0, 0, 1),
(143, '旅游/地图', 105, 3, '0,2,105,143,', 0, 0, 1),
(144, '烹饪/美食', 105, 3, '0,2,105,144,', 0, 0, 1),
(145, '时尚/美妆', 105, 3, '0,2,105,145,', 0, 0, 1),
(146, '家居', 105, 3, '0,2,105,146,', 0, 0, 1),
(147, '婚恋与两性', 105, 3, '0,2,105,147,', 0, 0, 1),
(148, '娱乐/休闲', 105, 3, '0,2,105,148,', 0, 0, 1),
(149, '健身与保健', 105, 3, '0,2,105,149,', 0, 0, 1),
(150, '动漫/幽默', 105, 3, '0,2,105,150,', 0, 0, 1),
(151, '体育/运动', 105, 3, '0,2,105,151,', 0, 0, 1),
(152, '科普', 106, 3, '0,2,106,152,', 0, 0, 1),
(153, 'IT', 106, 3, '0,2,106,153,', 0, 0, 1),
(154, '建筑', 106, 3, '0,2,106,154,', 0, 0, 1),
(155, '医学', 106, 3, '0,2,106,155,', 0, 0, 1),
(156, '工业技术', 106, 3, '0,2,106,156,', 0, 0, 1),
(157, '电子/通信', 106, 3, '0,2,106,157,', 0, 0, 1),
(158, '农林', 106, 3, '0,2,106,158,', 0, 0, 1),
(159, '科学与自然', 106, 3, '0,2,106,159,', 0, 0, 1),
(160, '少儿', 107, 3, '0,2,107,160,', 0, 0, 1),
(161, '0-2岁', 107, 3, '0,2,107,161,', 0, 0, 1),
(162, '3-6岁', 107, 3, '0,2,107,162,', 0, 0, 1),
(163, '7-10岁', 107, 3, '0,2,107,163,', 0, 0, 1),
(164, '11-14岁', 107, 3, '0,2,107,164,', 0, 0, 1),
(165, '教材', 108, 3, '0,2,108,165,', 0, 0, 1),
(166, '中小学教辅', 108, 3, '0,2,108,166,', 0, 0, 1),
(167, '考试', 108, 3, '0,2,108,167,', 0, 0, 1),
(168, '外语学习', 108, 3, '0,2,108,168,', 0, 0, 1),
(169, '英文原版书', 109, 3, '0,2,109,169,', 0, 0, 1),
(170, '港台图书', 109, 3, '0,2,109,170,', 0, 0, 1),
(171, '工具书', 109, 3, '0,2,109,171,', 0, 0, 1),
(172, '套装书', 109, 3, '0,2,109,172,', 0, 0, 1),
(173, '杂志/期刊', 109, 3, '0,2,109,173,', 0, 0, 1),
(174, '大 家 电', 3, 2, '0,3,174,', 0, 0, 1),
(175, '生活电器', 3, 2, '0,3,175,', 0, 0, 1),
(176, '厨房电器', 3, 2, '0,3,176,', 0, 0, 1),
(177, '个护健康', 3, 2, '0,3,177,', 0, 0, 1),
(178, '五金家装', 3, 2, '0,3,178,', 0, 0, 1),
(179, '平板电视', 174, 3, '0,3,174,179,', 0, 0, 1),
(180, '空调', 174, 3, '0,3,174,180,', 0, 0, 1),
(181, '冰箱', 174, 3, '0,3,174,181,', 0, 0, 1),
(182, '洗衣机', 174, 3, '0,3,174,182,', 0, 0, 1),
(183, '家庭影院', 174, 3, '0,3,174,183,', 0, 0, 1),
(184, 'DVD', 174, 3, '0,3,174,184,', 0, 0, 1),
(185, '迷你音响', 175, 3, '0,3,175,185,', 0, 0, 1),
(186, '电风扇', 175, 3, '0,3,175,186,', 0, 0, 1),
(187, '冷风扇', 175, 3, '0,3,175,187,', 0, 0, 1),
(188, '净化器', 175, 3, '0,3,175,188,', 0, 0, 1),
(189, '饮水机', 175, 3, '0,3,175,189,', 0, 0, 1),
(190, '净水设备', 175, 3, '0,3,175,190,', 0, 0, 1),
(191, '挂烫机/熨斗', 175, 3, '0,3,175,191,', 0, 0, 1),
(192, '吸尘器', 175, 3, '0,3,175,192,', 0, 0, 1),
(193, '电压力锅', 176, 3, '0,3,176,193,', 0, 0, 1),
(194, '电饭煲', 176, 3, '0,3,176,194,', 0, 0, 1),
(195, '豆浆机', 176, 3, '0,3,176,195,', 0, 0, 1),
(196, '面包机', 176, 3, '0,3,176,196,', 0, 0, 1),
(197, '咖啡机', 176, 3, '0,3,176,197,', 0, 0, 1),
(198, '微波炉', 176, 3, '0,3,176,198,', 0, 0, 1),
(199, '料理/榨汁机', 176, 3, '0,3,176,199,', 0, 0, 1),
(200, '剃须刀', 177, 3, '0,3,177,200,', 0, 0, 1),
(201, '剃/脱毛器', 177, 3, '0,3,177,201,', 0, 0, 1),
(202, '口腔护理', 177, 3, '0,3,177,202,', 0, 0, 1),
(203, '电吹风', 177, 3, '0,3,177,203,', 0, 0, 1),
(204, '美容', 177, 3, '0,3,177,204,', 0, 0, 1),
(205, '美发', 177, 3, '0,3,177,205,', 0, 0, 1),
(206, '按摩器', 177, 3, '0,3,177,206,', 0, 0, 1),
(207, '电动工具', 178, 3, '0,3,178,207,', 0, 0, 1),
(208, '手动工具', 178, 3, '0,3,178,208,', 0, 0, 1),
(209, '仪器仪表', 178, 3, '0,3,178,209,', 0, 0, 1),
(210, '浴霸/排气扇', 178, 3, '0,3,178,210,', 0, 0, 1),
(211, '灯具', 178, 3, '0,3,178,211,', 0, 0, 1),
(212, 'LED灯', 178, 3, '0,3,178,212,', 0, 0, 1),
(213, '手机通讯', 4, 2, '0,4,213,', 0, 0, 1),
(214, '京东通信', 4, 2, '0,4,214,', 0, 0, 1),
(215, '运营商', 4, 2, '0,4,215,', 0, 0, 1),
(216, '手机配件', 4, 2, '0,4,216,', 0, 0, 1),
(217, '摄影摄像', 4, 2, '0,4,217,', 0, 0, 1),
(218, '数码配件', 4, 2, '0,4,218,', 0, 0, 1),
(219, '时尚影音', 4, 2, '0,4,219,', 0, 0, 1),
(220, '智能设备', 4, 2, '0,4,220,', 0, 0, 1),
(221, '电子教育', 4, 2, '0,4,221,', 0, 0, 1),
(222, '手机', 213, 3, '0,4,213,222,', 0, 0, 1),
(223, '对讲机', 213, 3, '0,4,213,223,', 0, 0, 1),
(224, '选号中心', 214, 3, '0,4,214,224,', 0, 0, 1),
(225, '自助服务', 214, 3, '0,4,214,225,', 0, 0, 1),
(226, '购机送费', 215, 3, '0,4,215,226,', 0, 0, 1),
(227, '0元购机', 215, 3, '0,4,215,227,', 0, 0, 1),
(228, '选号入网', 215, 3, '0,4,215,228,', 0, 0, 1),
(229, '电池', 216, 3, '0,4,216,229,', 0, 0, 1),
(230, '蓝牙耳机', 216, 3, '0,4,216,230,', 0, 0, 1),
(231, '充电器/数据线', 216, 3, '0,4,216,231,', 0, 0, 1),
(232, '手机耳机', 216, 3, '0,4,216,232,', 0, 0, 1),
(233, '贴膜', 216, 3, '0,4,216,233,', 0, 0, 1),
(234, '存储卡', 216, 3, '0,4,216,234,', 0, 0, 1),
(235, '保护套', 216, 3, '0,4,216,235,', 0, 0, 1),
(236, '数码相机', 217, 3, '0,4,217,236,', 0, 0, 1),
(237, '单电/微单相机', 217, 3, '0,4,217,237,', 0, 0, 1),
(238, '单反相机', 217, 3, '0,4,217,238,', 0, 0, 1),
(239, '拍立得', 217, 3, '0,4,217,239,', 0, 0, 1),
(240, '运动相机', 217, 3, '0,4,217,240,', 0, 0, 1),
(241, '摄像机', 217, 3, '0,4,217,241,', 0, 0, 1),
(242, '存储卡', 218, 3, '0,4,218,242,', 0, 0, 1),
(243, '读卡器', 218, 3, '0,4,218,243,', 0, 0, 1),
(244, '滤镜', 218, 3, '0,4,218,244,', 0, 0, 1),
(245, '闪光灯/手柄', 218, 3, '0,4,218,245,', 0, 0, 1),
(246, '相机包', 218, 3, '0,4,218,246,', 0, 0, 1),
(247, '三脚架/云台', 218, 3, '0,4,218,247,', 0, 0, 1),
(248, '耳机/耳麦', 219, 3, '0,4,219,248,', 0, 0, 1),
(249, '音箱/音响', 219, 3, '0,4,219,249,', 0, 0, 1),
(250, '麦克风', 219, 3, '0,4,219,250,', 0, 0, 1),
(251, 'MP3/MP4', 219, 3, '0,4,219,251,', 0, 0, 1),
(252, '数码相框', 219, 3, '0,4,219,252,', 0, 0, 1),
(253, '专业音频', 219, 3, '0,4,219,253,', 0, 0, 1),
(254, '智能手环', 220, 3, '0,4,220,254,', 0, 0, 1),
(255, '智能手表', 220, 3, '0,4,220,255,', 0, 0, 1),
(256, '智能眼镜', 220, 3, '0,4,220,256,', 0, 0, 1),
(257, '运动跟踪器', 220, 3, '0,4,220,257,', 0, 0, 1),
(258, '健康监测', 220, 3, '0,4,220,258,', 0, 0, 1),
(259, '智能配饰', 220, 3, '0,4,220,259,', 0, 0, 1),
(260, '电子词典', 221, 3, '0,4,221,260,', 0, 0, 1),
(261, '电纸书', 221, 3, '0,4,221,261,', 0, 0, 1),
(262, '录音笔', 221, 3, '0,4,221,262,', 0, 0, 1),
(263, '复读机', 221, 3, '0,4,221,263,', 0, 0, 1),
(264, '点读机/笔', 221, 3, '0,4,221,264,', 0, 0, 1),
(265, '学生平板', 221, 3, '0,4,221,265,', 0, 0, 1),
(266, '早教机', 221, 3, '0,4,221,266,', 0, 0, 1),
(267, '厨具', 5, 2, '0,5,267,', 0, 0, 1),
(268, '家装建材', 5, 2, '0,5,268,', 0, 0, 1),
(269, '家纺', 5, 2, '0,5,269,', 0, 0, 1),
(270, '家具', 5, 2, '0,5,270,', 0, 0, 1),
(271, '灯具', 5, 2, '0,5,271,', 0, 0, 1),
(272, '生活日用', 5, 2, '0,5,272,', 0, 0, 1),
(273, '家装软饰', 5, 2, '0,5,273,', 0, 0, 1),
(274, '清洁用品', 5, 2, '0,5,274,', 0, 0, 1),
(275, '宠物生活', 5, 2, '0,5,275,', 0, 0, 1),
(276, '烹饪锅具', 267, 3, '0,5,267,276,', 0, 0, 1),
(277, '刀剪菜板', 267, 3, '0,5,267,277,', 0, 0, 1),
(278, '厨房配件', 267, 3, '0,5,267,278,', 0, 0, 1),
(279, '水具酒具', 267, 3, '0,5,267,279,', 0, 0, 1),
(280, '餐具', 267, 3, '0,5,267,280,', 0, 0, 1),
(281, '茶具/咖啡具', 267, 3, '0,5,267,281,', 0, 0, 1),
(282, '灯饰照明', 268, 3, '0,5,268,282,', 0, 0, 1),
(283, '厨房卫浴', 268, 3, '0,5,268,283,', 0, 0, 1),
(284, '五金工具', 268, 3, '0,5,268,284,', 0, 0, 1),
(285, '电工电料', 268, 3, '0,5,268,285,', 0, 0, 1),
(286, '墙地面材料', 268, 3, '0,5,268,286,', 0, 0, 1),
(287, '装饰材料', 268, 3, '0,5,268,287,', 0, 0, 1),
(288, '床品套件', 269, 3, '0,5,269,288,', 0, 0, 1),
(289, '被子', 269, 3, '0,5,269,289,', 0, 0, 1),
(290, '蚊帐', 269, 3, '0,5,269,290,', 0, 0, 1),
(291, '凉席', 269, 3, '0,5,269,291,', 0, 0, 1),
(292, '床单被罩', 269, 3, '0,5,269,292,', 0, 0, 1),
(293, '枕芯', 269, 3, '0,5,269,293,', 0, 0, 1),
(294, '毛巾浴巾', 269, 3, '0,5,269,294,', 0, 0, 1),
(295, '卧室家具', 270, 3, '0,5,270,295,', 0, 0, 1),
(296, '客厅家具', 270, 3, '0,5,270,296,', 0, 0, 1),
(297, '餐厅家具', 270, 3, '0,5,270,297,', 0, 0, 1),
(298, '书房家具', 270, 3, '0,5,270,298,', 0, 0, 1),
(299, '储物家具', 270, 3, '0,5,270,299,', 0, 0, 1),
(300, '阳台/户外', 270, 3, '0,5,270,300,', 0, 0, 1),
(301, '台灯', 271, 3, '0,5,271,301,', 0, 0, 1),
(302, '吸顶灯', 271, 3, '0,5,271,302,', 0, 0, 1),
(303, '筒灯射灯', 271, 3, '0,5,271,303,', 0, 0, 1),
(304, 'LED灯', 271, 3, '0,5,271,304,', 0, 0, 1),
(305, '节能灯', 271, 3, '0,5,271,305,', 0, 0, 1),
(306, '落地灯', 271, 3, '0,5,271,306,', 0, 0, 1),
(307, '五金电器', 271, 3, '0,5,271,307,', 0, 0, 1),
(308, '收纳用品', 272, 3, '0,5,272,308,', 0, 0, 1),
(309, '雨伞雨具', 272, 3, '0,5,272,309,', 0, 0, 1),
(310, '浴室用品', 272, 3, '0,5,272,310,', 0, 0, 1),
(311, '缝纫/针织用品', 272, 3, '0,5,272,311,', 0, 0, 1),
(312, '洗晒/熨烫', 272, 3, '0,5,272,312,', 0, 0, 1),
(313, '桌布/罩件', 273, 3, '0,5,273,313,', 0, 0, 1),
(314, '地毯地垫', 273, 3, '0,5,273,314,', 0, 0, 1),
(315, '沙发垫套/椅垫', 273, 3, '0,5,273,315,', 0, 0, 1),
(316, '帘艺隔断', 273, 3, '0,5,273,316,', 0, 0, 1),
(317, '相框/照片墙', 273, 3, '0,5,273,317,', 0, 0, 1),
(318, '纸品湿巾', 274, 3, '0,5,274,318,', 0, 0, 1),
(319, '衣物清洁', 274, 3, '0,5,274,319,', 0, 0, 1),
(320, '清洁工具', 274, 3, '0,5,274,320,', 0, 0, 1),
(321, '家庭清洁', 274, 3, '0,5,274,321,', 0, 0, 1),
(322, '一次性用品', 274, 3, '0,5,274,322,', 0, 0, 1),
(323, '驱虫用品', 274, 3, '0,5,274,323,', 0, 0, 1),
(324, '宠物主粮', 275, 3, '0,5,275,324,', 0, 0, 1),
(325, '宠物零食', 275, 3, '0,5,275,325,', 0, 0, 1),
(326, '洗护美容', 275, 3, '0,5,275,326,', 0, 0, 1),
(327, '家居日用', 275, 3, '0,5,275,327,', 0, 0, 1),
(328, '医疗保健', 275, 3, '0,5,275,328,', 0, 0, 1),
(329, '出行装备', 275, 3, '0,5,275,329,', 0, 0, 1),
(330, '女装', 6, 2, '0,6,330,', 0, 0, 1),
(331, '男装', 6, 2, '0,6,331,', 0, 0, 1),
(332, '内衣', 6, 2, '0,6,332,', 0, 0, 1),
(333, '服饰配件', 6, 2, '0,6,333,', 0, 0, 1),
(334, '珠宝首饰', 6, 2, '0,6,334,', 0, 0, 1),
(335, '针织衫', 330, 3, '0,6,330,335,', 0, 0, 1),
(336, '连衣裙', 330, 3, '0,6,330,336,', 0, 0, 1),
(337, '风衣', 330, 3, '0,6,330,337,', 0, 0, 1),
(338, '短外套', 330, 3, '0,6,330,338,', 0, 0, 1),
(339, '卫衣', 330, 3, '0,6,330,339,', 0, 0, 1),
(340, '羊绒衫', 330, 3, '0,6,330,340,', 0, 0, 1),
(341, '皮草', 330, 3, '0,6,330,341,', 0, 0, 1),
(342, '真皮皮衣', 330, 3, '0,6,330,342,', 0, 0, 1),
(343, '休闲裤', 330, 3, '0,6,330,343,', 0, 0, 1),
(344, '牛仔裤', 330, 3, '0,6,330,344,', 0, 0, 1),
(345, '正装裤', 330, 3, '0,6,330,345,', 0, 0, 1),
(346, '打底裤', 330, 3, '0,6,330,346,', 0, 0, 1),
(347, '打底衫', 330, 3, '0,6,330,347,', 0, 0, 1),
(348, '吊带/背心', 330, 3, '0,6,330,348,', 0, 0, 1),
(349, '仿皮皮衣', 330, 3, '0,6,330,349,', 0, 0, 1),
(350, '衬衫', 331, 3, '0,6,331,350,', 0, 0, 1),
(351, '针织衫', 331, 3, '0,6,331,351,', 0, 0, 1),
(352, '夹克', 331, 3, '0,6,331,352,', 0, 0, 1),
(353, '风衣', 331, 3, '0,6,331,353,', 0, 0, 1),
(354, '卫衣', 331, 3, '0,6,331,354,', 0, 0, 1),
(355, 'T恤', 331, 3, '0,6,331,355,', 0, 0, 1),
(356, 'POLO衫', 331, 3, '0,6,331,356,', 0, 0, 1),
(357, '马甲/背心', 331, 3, '0,6,331,357,', 0, 0, 1),
(358, '棉服', 331, 3, '0,6,331,358,', 0, 0, 1),
(359, '羽绒服', 331, 3, '0,6,331,359,', 0, 0, 1),
(360, '毛呢大衣', 331, 3, '0,6,331,360,', 0, 0, 1),
(361, '羊绒衫', 331, 3, '0,6,331,361,', 0, 0, 1),
(362, '羊毛衫', 331, 3, '0,6,331,362,', 0, 0, 1),
(363, '短裤', 331, 3, '0,6,331,363,', 0, 0, 1),
(364, '卫裤/运动裤', 331, 3, '0,6,331,364,', 0, 0, 1),
(365, '文胸', 332, 3, '0,6,332,365,', 0, 0, 1),
(366, '秋衣秋裤', 332, 3, '0,6,332,366,', 0, 0, 1),
(367, '睡衣/家居服', 332, 3, '0,6,332,367,', 0, 0, 1),
(368, '文胸套装', 332, 3, '0,6,332,368,', 0, 0, 1),
(369, '打底衫', 332, 3, '0,6,332,369,', 0, 0, 1),
(370, '保暖内衣', 332, 3, '0,6,332,370,', 0, 0, 1),
(371, '女式内裤', 332, 3, '0,6,332,371,', 0, 0, 1),
(372, '男式内裤', 332, 3, '0,6,332,372,', 0, 0, 1),
(373, '商务男袜', 332, 3, '0,6,332,373,', 0, 0, 1),
(374, '休闲棉袜', 332, 3, '0,6,332,374,', 0, 0, 1),
(375, '情侣睡衣', 332, 3, '0,6,332,375,', 0, 0, 1),
(376, '吊带/背心', 332, 3, '0,6,332,376,', 0, 0, 1),
(377, '女士丝巾/围巾/披肩', 333, 3, '0,6,333,377,', 0, 0, 1),
(378, '太阳镜', 333, 3, '0,6,333,378,', 0, 0, 1),
(379, '男士腰带/礼盒', 333, 3, '0,6,333,379,', 0, 0, 1),
(380, '鸭舌帽', 333, 3, '0,6,333,380,', 0, 0, 1),
(381, '棒球帽', 333, 3, '0,6,333,381,', 0, 0, 1),
(382, '遮阳伞/雨伞', 333, 3, '0,6,333,382,', 0, 0, 1),
(383, '防晒手套', 333, 3, '0,6,333,383,', 0, 0, 1),
(384, '时尚饰品', 334, 3, '0,6,334,384,', 0, 0, 1),
(385, '钻石', 334, 3, '0,6,334,385,', 0, 0, 1),
(386, '翡翠玉石', 334, 3, '0,6,334,386,', 0, 0, 1),
(387, '纯金K金饰品', 334, 3, '0,6,334,387,', 0, 0, 1),
(388, '金银投资', 334, 3, '0,6,334,388,', 0, 0, 1),
(389, '银饰', 334, 3, '0,6,334,389,', 0, 0, 1),
(390, '面部护肤', 7, 2, '0,7,390,', 0, 0, 1),
(391, '洗发护发', 7, 2, '0,7,391,', 0, 0, 1),
(392, '身体护肤', 7, 2, '0,7,392,', 0, 0, 1),
(393, '口腔护理', 7, 2, '0,7,393,', 0, 0, 1),
(394, '女性护理', 7, 2, '0,7,394,', 0, 0, 1),
(395, '香水彩妆', 7, 2, '0,7,395,', 0, 0, 1),
(396, '清洁', 390, 3, '0,7,390,396,', 0, 0, 1),
(397, '护肤', 390, 3, '0,7,390,397,', 0, 0, 1),
(398, '面膜', 390, 3, '0,7,390,398,', 0, 0, 1),
(399, '剃须', 390, 3, '0,7,390,399,', 0, 0, 1),
(400, '套装', 390, 3, '0,7,390,400,', 0, 0, 1),
(401, '洗发', 391, 3, '0,7,391,401,', 0, 0, 1),
(402, '护发', 391, 3, '0,7,391,402,', 0, 0, 1),
(403, '染发', 391, 3, '0,7,391,403,', 0, 0, 1),
(404, '造型', 391, 3, '0,7,391,404,', 0, 0, 1),
(405, '假发', 391, 3, '0,7,391,405,', 0, 0, 1),
(406, '套装', 391, 3, '0,7,391,406,', 0, 0, 1),
(407, '沐浴', 392, 3, '0,7,392,407,', 0, 0, 1),
(408, '润肤', 392, 3, '0,7,392,408,', 0, 0, 1),
(409, '颈部', 392, 3, '0,7,392,409,', 0, 0, 1),
(410, '手足', 392, 3, '0,7,392,410,', 0, 0, 1),
(411, '纤体塑形', 392, 3, '0,7,392,411,', 0, 0, 1),
(412, '美胸', 392, 3, '0,7,392,412,', 0, 0, 1),
(413, '套装', 392, 3, '0,7,392,413,', 0, 0, 1),
(414, '牙膏/牙粉', 393, 3, '0,7,393,414,', 0, 0, 1),
(415, '牙刷/牙线', 393, 3, '0,7,393,415,', 0, 0, 1),
(416, '漱口水', 393, 3, '0,7,393,416,', 0, 0, 1),
(417, '套装', 393, 3, '0,7,393,417,', 0, 0, 1),
(418, '卫生巾', 394, 3, '0,7,394,418,', 0, 0, 1),
(419, '卫生护垫', 394, 3, '0,7,394,419,', 0, 0, 1),
(420, '私密护理', 394, 3, '0,7,394,420,', 0, 0, 1),
(421, '脱毛膏', 394, 3, '0,7,394,421,', 0, 0, 1),
(422, '香水', 395, 3, '0,7,395,422,', 0, 0, 1),
(423, '底妆', 395, 3, '0,7,395,423,', 0, 0, 1),
(424, '腮红', 395, 3, '0,7,395,424,', 0, 0, 1),
(425, '眼部', 395, 3, '0,7,395,425,', 0, 0, 1),
(426, '唇部', 395, 3, '0,7,395,426,', 0, 0, 1),
(427, '美甲', 395, 3, '0,7,395,427,', 0, 0, 1),
(428, '美容工具', 395, 3, '0,7,395,428,', 0, 0, 1),
(429, '套装', 395, 3, '0,7,395,429,', 0, 0, 1),
(430, '时尚女鞋', 8, 2, '0,8,430,', 0, 0, 1),
(431, '流行男鞋', 8, 2, '0,8,431,', 0, 0, 1),
(432, '潮流女包', 8, 2, '0,8,432,', 0, 0, 1),
(433, '精品男包', 8, 2, '0,8,433,', 0, 0, 1),
(434, '功能箱包', 8, 2, '0,8,434,', 0, 0, 1),
(435, '奢侈品', 8, 2, '0,8,435,', 0, 0, 1),
(436, '钟表', 8, 2, '0,8,436,', 0, 0, 1),
(437, '礼品', 8, 2, '0,8,437,', 0, 0, 1),
(438, '单鞋', 430, 3, '0,8,430,438,', 0, 0, 1),
(439, '休闲鞋', 430, 3, '0,8,430,439,', 0, 0, 1),
(440, '高跟鞋', 430, 3, '0,8,430,440,', 0, 0, 1),
(441, '坡跟鞋', 430, 3, '0,8,430,441,', 0, 0, 1),
(442, '松糕鞋', 430, 3, '0,8,430,442,', 0, 0, 1),
(443, '鱼嘴鞋', 430, 3, '0,8,430,443,', 0, 0, 1),
(444, '凉鞋', 430, 3, '0,8,430,444,', 0, 0, 1),
(445, '帆布鞋', 430, 3, '0,8,430,445,', 0, 0, 1),
(446, '休闲鞋', 431, 3, '0,8,431,446,', 0, 0, 1),
(447, '商务休闲鞋', 431, 3, '0,8,431,447,', 0, 0, 1),
(448, '正装鞋', 431, 3, '0,8,431,448,', 0, 0, 1),
(449, '增高鞋', 431, 3, '0,8,431,449,', 0, 0, 1),
(450, '男靴', 431, 3, '0,8,431,450,', 0, 0, 1),
(451, '功能鞋', 431, 3, '0,8,431,451,', 0, 0, 1),
(452, '定制鞋', 431, 3, '0,8,431,452,', 0, 0, 1),
(453, '单肩包', 432, 3, '0,8,432,453,', 0, 0, 1),
(454, '手提包', 432, 3, '0,8,432,454,', 0, 0, 1),
(455, '斜挎包', 432, 3, '0,8,432,455,', 0, 0, 1),
(456, '双肩包', 432, 3, '0,8,432,456,', 0, 0, 1),
(457, '钱包', 432, 3, '0,8,432,457,', 0, 0, 1),
(458, '手拿包/晚宴包', 432, 3, '0,8,432,458,', 0, 0, 1),
(459, '商务公文包', 433, 3, '0,8,433,459,', 0, 0, 1),
(460, '单肩/斜挎包', 433, 3, '0,8,433,460,', 0, 0, 1),
(461, '男士手包', 433, 3, '0,8,433,461,', 0, 0, 1),
(462, '双肩包', 433, 3, '0,8,433,462,', 0, 0, 1),
(463, '钱包/卡包', 433, 3, '0,8,433,463,', 0, 0, 1),
(464, '钥匙包', 433, 3, '0,8,433,464,', 0, 0, 1),
(465, '拉杆箱/拉杆包', 434, 3, '0,8,434,465,', 0, 0, 1),
(466, '旅行包', 434, 3, '0,8,434,466,', 0, 0, 1),
(467, '电脑包', 434, 3, '0,8,434,467,', 0, 0, 1),
(468, '休闲运动包', 434, 3, '0,8,434,468,', 0, 0, 1),
(469, '相机包', 434, 3, '0,8,434,469,', 0, 0, 1),
(470, '腰包/胸包', 434, 3, '0,8,434,470,', 0, 0, 1),
(471, '箱包', 435, 3, '0,8,435,471,', 0, 0, 1),
(472, '钱包', 435, 3, '0,8,435,472,', 0, 0, 1),
(473, '服饰', 435, 3, '0,8,435,473,', 0, 0, 1),
(474, '腰带', 435, 3, '0,8,435,474,', 0, 0, 1),
(475, '鞋靴', 435, 3, '0,8,435,475,', 0, 0, 1),
(476, '太阳镜/眼镜框', 435, 3, '0,8,435,476,', 0, 0, 1),
(477, '饰品', 435, 3, '0,8,435,477,', 0, 0, 1),
(478, '配件', 435, 3, '0,8,435,478,', 0, 0, 1),
(479, '男表', 436, 3, '0,8,436,479,', 0, 0, 1),
(480, '女表', 436, 3, '0,8,436,480,', 0, 0, 1),
(481, '儿童表', 436, 3, '0,8,436,481,', 0, 0, 1),
(482, '座钟挂钟', 436, 3, '0,8,436,482,', 0, 0, 1),
(483, '火机烟具', 437, 3, '0,8,437,483,', 0, 0, 1),
(484, '军刀军具', 437, 3, '0,8,437,484,', 0, 0, 1),
(485, '美妆礼品', 437, 3, '0,8,437,485,', 0, 0, 1),
(486, '工艺礼品', 437, 3, '0,8,437,486,', 0, 0, 1),
(487, '礼盒礼券', 437, 3, '0,8,437,487,', 0, 0, 1),
(488, '礼品文具', 437, 3, '0,8,437,488,', 0, 0, 1),
(489, '运动鞋包', 9, 2, '0,9,489,', 0, 0, 1),
(490, '运动服饰', 9, 2, '0,9,490,', 0, 0, 1),
(491, '健身训练', 9, 2, '0,9,491,', 0, 0, 1),
(492, '骑行运动', 9, 2, '0,9,492,', 0, 0, 1),
(493, '户外鞋服', 9, 2, '0,9,493,', 0, 0, 1),
(494, '户外装备', 9, 2, '0,9,494,', 0, 0, 1),
(495, '垂钓用品', 9, 2, '0,9,495,', 0, 0, 1),
(496, '休闲鞋', 489, 3, '0,9,489,496,', 0, 0, 1),
(497, '跑步鞋', 489, 3, '0,9,489,497,', 0, 0, 1),
(498, '板鞋', 489, 3, '0,9,489,498,', 0, 0, 1),
(499, '帆布鞋', 489, 3, '0,9,489,499,', 0, 0, 1),
(500, '篮球鞋', 489, 3, '0,9,489,500,', 0, 0, 1),
(501, '足球鞋', 489, 3, '0,9,489,501,', 0, 0, 1),
(502, '乒羽网鞋', 489, 3, '0,9,489,502,', 0, 0, 1),
(503, '卫衣/套头', 490, 3, '0,9,490,503,', 0, 0, 1),
(504, '衫毛衫/线衫', 490, 3, '0,9,490,504,', 0, 0, 1),
(505, '夹克/风衣', 490, 3, '0,9,490,505,', 0, 0, 1),
(506, '棉服', 490, 3, '0,9,490,506,', 0, 0, 1),
(507, '羽绒服', 490, 3, '0,9,490,507,', 0, 0, 1),
(508, 'T恤', 490, 3, '0,9,490,508,', 0, 0, 1),
(509, '跑步机', 491, 3, '0,9,491,509,', 0, 0, 1),
(510, '健身车/动感单车', 491, 3, '0,9,491,510,', 0, 0, 1),
(511, '综合训练器', 491, 3, '0,9,491,511,', 0, 0, 1),
(512, '其他大型器械哑铃', 491, 3, '0,9,491,512,', 0, 0, 1),
(513, '山地车/公路车', 492, 3, '0,9,492,513,', 0, 0, 1),
(514, '折叠车', 492, 3, '0,9,492,514,', 0, 0, 1),
(515, '电动车', 492, 3, '0,9,492,515,', 0, 0, 1),
(516, '其他整车', 492, 3, '0,9,492,516,', 0, 0, 1),
(517, '骑行装备', 492, 3, '0,9,492,517,', 0, 0, 1),
(518, '骑行服', 492, 3, '0,9,492,518,', 0, 0, 1),
(519, '冲锋衣裤', 493, 3, '0,9,493,519,', 0, 0, 1),
(520, '速干衣裤', 493, 3, '0,9,493,520,', 0, 0, 1),
(521, '滑雪服', 493, 3, '0,9,493,521,', 0, 0, 1),
(522, '羽绒服/棉服', 493, 3, '0,9,493,522,', 0, 0, 1),
(523, '休闲衣裤', 493, 3, '0,9,493,523,', 0, 0, 1),
(524, '抓绒衣裤', 493, 3, '0,9,493,524,', 0, 0, 1),
(525, '背包', 494, 3, '0,9,494,525,', 0, 0, 1),
(526, '帐篷/垫子', 494, 3, '0,9,494,526,', 0, 0, 1),
(527, '睡袋/吊床', 494, 3, '0,9,494,527,', 0, 0, 1),
(528, '登山攀岩', 494, 3, '0,9,494,528,', 0, 0, 1),
(529, '户外照明', 494, 3, '0,9,494,529,', 0, 0, 1),
(530, '野餐烧烤', 494, 3, '0,9,494,530,', 0, 0, 1),
(531, '鱼竿鱼线', 495, 3, '0,9,495,531,', 0, 0, 1),
(532, '浮漂鱼饵', 495, 3, '0,9,495,532,', 0, 0, 1),
(533, '钓鱼桌椅', 495, 3, '0,9,495,533,', 0, 0, 1),
(534, '钓鱼配件', 495, 3, '0,9,495,534,', 0, 0, 1),
(535, '钓箱鱼包', 495, 3, '0,9,495,535,', 0, 0, 1),
(536, '维修保养', 10, 2, '0,10,536,', 0, 0, 1),
(537, '车载电器', 10, 2, '0,10,537,', 0, 0, 1),
(538, '美容清洗', 10, 2, '0,10,538,', 0, 0, 1),
(539, '汽车装饰', 10, 2, '0,10,539,', 0, 0, 1),
(540, '安全自驾', 10, 2, '0,10,540,', 0, 0, 1),
(541, '润滑油', 536, 3, '0,10,536,541,', 0, 0, 1),
(542, '添加剂', 536, 3, '0,10,536,542,', 0, 0, 1),
(543, '防冻液', 536, 3, '0,10,536,543,', 0, 0, 1),
(544, '滤清器', 536, 3, '0,10,536,544,', 0, 0, 1),
(545, '火花塞', 536, 3, '0,10,536,545,', 0, 0, 1),
(546, '雨刷', 536, 3, '0,10,536,546,', 0, 0, 1),
(547, '车灯', 536, 3, '0,10,536,547,', 0, 0, 1),
(548, '后视镜', 536, 3, '0,10,536,548,', 0, 0, 1),
(549, '导航仪', 537, 3, '0,10,537,549,', 0, 0, 1),
(550, '安全预警仪', 537, 3, '0,10,537,550,', 0, 0, 1),
(551, '行车记录仪', 537, 3, '0,10,537,551,', 0, 0, 1),
(552, '倒车雷达', 537, 3, '0,10,537,552,', 0, 0, 1),
(553, '蓝牙设备', 537, 3, '0,10,537,553,', 0, 0, 1),
(554, '时尚影音', 537, 3, '0,10,537,554,', 0, 0, 1),
(555, '车蜡', 538, 3, '0,10,538,555,', 0, 0, 1),
(556, '补漆笔', 538, 3, '0,10,538,556,', 0, 0, 1),
(557, '玻璃水', 538, 3, '0,10,538,557,', 0, 0, 1),
(558, '清洁剂', 538, 3, '0,10,538,558,', 0, 0, 1),
(559, '洗车工具', 538, 3, '0,10,538,559,', 0, 0, 1),
(560, '洗车配件', 538, 3, '0,10,538,560,', 0, 0, 1),
(561, '脚垫', 539, 3, '0,10,539,561,', 0, 0, 1),
(562, '座垫', 539, 3, '0,10,539,562,', 0, 0, 1),
(563, '座套', 539, 3, '0,10,539,563,', 0, 0, 1),
(564, '后备箱垫', 539, 3, '0,10,539,564,', 0, 0, 1),
(565, '头枕腰靠', 539, 3, '0,10,539,565,', 0, 0, 1),
(566, '香水', 539, 3, '0,10,539,566,', 0, 0, 1),
(567, '空气净化', 539, 3, '0,10,539,567,', 0, 0, 1),
(568, '安全座椅', 540, 3, '0,10,540,568,', 0, 0, 1),
(569, '胎压充气', 540, 3, '0,10,540,569,', 0, 0, 1),
(570, '防盗设备', 540, 3, '0,10,540,570,', 0, 0, 1),
(571, '应急救援', 540, 3, '0,10,540,571,', 0, 0, 1),
(572, '保温箱', 540, 3, '0,10,540,572,', 0, 0, 1),
(573, '储物箱', 540, 3, '0,10,540,573,', 0, 0, 1),
(574, '奶粉', 11, 2, '0,11,574,', 0, 0, 1),
(575, '营养辅食', 11, 2, '0,11,575,', 0, 0, 1),
(576, '尿裤湿巾', 11, 2, '0,11,576,', 0, 0, 1),
(577, '洗护用品', 11, 2, '0,11,577,', 0, 0, 1),
(578, '喂养用品', 11, 2, '0,11,578,', 0, 0, 1),
(579, '童车童床', 11, 2, '0,11,579,', 0, 0, 1),
(580, '婴幼奶粉', 574, 3, '0,11,574,580,', 0, 0, 1),
(581, '成人奶粉', 574, 3, '0,11,574,581,', 0, 0, 1),
(582, 'DHA', 575, 3, '0,11,575,582,', 0, 0, 1),
(583, '钙铁锌/维生素', 575, 3, '0,11,575,583,', 0, 0, 1),
(584, '益生菌/初乳', 575, 3, '0,11,575,584,', 0, 0, 1),
(585, '清火/开胃', 575, 3, '0,11,575,585,', 0, 0, 1),
(586, '米粉/菜粉', 575, 3, '0,11,575,586,', 0, 0, 1),
(587, '婴儿尿裤', 576, 3, '0,11,576,587,', 0, 0, 1),
(588, '拉拉裤', 576, 3, '0,11,576,588,', 0, 0, 1),
(589, '成人尿裤', 576, 3, '0,11,576,589,', 0, 0, 1),
(590, '湿巾', 576, 3, '0,11,576,590,', 0, 0, 1),
(591, '宝宝护肤', 577, 3, '0,11,577,591,', 0, 0, 1),
(592, '宝宝洗浴', 577, 3, '0,11,577,592,', 0, 0, 1),
(593, '理发器', 577, 3, '0,11,577,593,', 0, 0, 1),
(594, '洗衣液/皂', 577, 3, '0,11,577,594,', 0, 0, 1),
(595, '奶瓶清洗', 577, 3, '0,11,577,595,', 0, 0, 1),
(596, '日常护理', 577, 3, '0,11,577,596,', 0, 0, 1),
(597, '奶瓶奶嘴', 578, 3, '0,11,578,597,', 0, 0, 1),
(598, '吸奶器', 578, 3, '0,11,578,598,', 0, 0, 1),
(599, '牙胶安抚', 578, 3, '0,11,578,599,', 0, 0, 1),
(600, '暖奶消毒', 578, 3, '0,11,578,600,', 0, 0, 1),
(601, '辅食料理机', 578, 3, '0,11,578,601,', 0, 0, 1),
(602, '碗盘叉勺', 578, 3, '0,11,578,602,', 0, 0, 1),
(603, '婴儿床', 579, 3, '0,11,579,603,', 0, 0, 1),
(604, '婴儿推车', 579, 3, '0,11,579,604,', 0, 0, 1),
(605, '餐椅摇椅', 579, 3, '0,11,579,605,', 0, 0, 1),
(606, '学步车', 579, 3, '0,11,579,606,', 0, 0, 1),
(607, '三轮车', 579, 3, '0,11,579,607,', 0, 0, 1),
(608, '自行车', 579, 3, '0,11,579,608,', 0, 0, 1),
(609, '扭扭车', 579, 3, '0,11,579,609,', 0, 0, 1),
(610, '中外名酒', 12, 2, '0,12,610,', 0, 0, 1),
(611, '进口食品', 12, 2, '0,12,611,', 0, 0, 1),
(612, '休闲食品', 12, 2, '0,12,612,', 0, 0, 1),
(613, '地方特产', 12, 2, '0,12,613,', 0, 0, 1),
(614, '茗茶', 12, 2, '0,12,614,', 0, 0, 1),
(615, '粮油调味', 12, 2, '0,12,615,', 0, 0, 1),
(616, '白酒', 610, 3, '0,12,610,616,', 0, 0, 1),
(617, '葡萄酒', 610, 3, '0,12,610,617,', 0, 0, 1),
(618, '洋酒', 610, 3, '0,12,610,618,', 0, 0, 1),
(619, '啤酒', 610, 3, '0,12,610,619,', 0, 0, 1),
(620, '黄酒/养生酒', 610, 3, '0,12,610,620,', 0, 0, 1),
(621, '收藏酒/陈年老酒', 610, 3, '0,12,610,621,', 0, 0, 1),
(622, '牛奶', 611, 3, '0,12,611,622,', 0, 0, 1),
(623, '饼干蛋糕', 611, 3, '0,12,611,623,', 0, 0, 1),
(624, '糖果/巧克力', 611, 3, '0,12,611,624,', 0, 0, 1),
(625, '休闲零食', 611, 3, '0,12,611,625,', 0, 0, 1),
(626, '冲调饮品', 611, 3, '0,12,611,626,', 0, 0, 1),
(627, '粮油调味', 611, 3, '0,12,611,627,', 0, 0, 1),
(628, '休闲零食', 612, 3, '0,12,612,628,', 0, 0, 1),
(629, '坚果炒货', 612, 3, '0,12,612,629,', 0, 0, 1),
(630, '肉干肉脯', 612, 3, '0,12,612,630,', 0, 0, 1),
(631, '蜜饯果干', 612, 3, '0,12,612,631,', 0, 0, 1),
(632, '无糖食品', 612, 3, '0,12,612,632,', 0, 0, 1),
(633, '新疆', 613, 3, '0,12,613,633,', 0, 0, 1),
(634, '四川', 613, 3, '0,12,613,634,', 0, 0, 1),
(635, '云南', 613, 3, '0,12,613,635,', 0, 0, 1),
(636, '湖南', 613, 3, '0,12,613,636,', 0, 0, 1),
(637, '内蒙', 613, 3, '0,12,613,637,', 0, 0, 1),
(638, '北京', 613, 3, '0,12,613,638,', 0, 0, 1),
(639, '山西', 613, 3, '0,12,613,639,', 0, 0, 1),
(640, '福建', 613, 3, '0,12,613,640,', 0, 0, 1),
(641, '东北', 613, 3, '0,12,613,641,', 0, 0, 1),
(642, '铁观音', 614, 3, '0,12,614,642,', 0, 0, 1),
(643, '普洱', 614, 3, '0,12,614,643,', 0, 0, 1),
(644, '龙井', 614, 3, '0,12,614,644,', 0, 0, 1),
(645, '绿茶', 614, 3, '0,12,614,645,', 0, 0, 1),
(646, '红茶', 614, 3, '0,12,614,646,', 0, 0, 1),
(647, '乌龙茶', 614, 3, '0,12,614,647,', 0, 0, 1),
(648, '花草茶', 614, 3, '0,12,614,648,', 0, 0, 1),
(649, '米面杂粮', 615, 3, '0,12,615,649,', 0, 0, 1),
(650, '食用油', 615, 3, '0,12,615,650,', 0, 0, 1),
(651, '调味品', 615, 3, '0,12,615,651,', 0, 0, 1),
(652, '南北干货', 615, 3, '0,12,615,652,', 0, 0, 1),
(653, '方便食品', 615, 3, '0,12,615,653,', 0, 0, 1),
(654, '有机食品', 615, 3, '0,12,615,654,', 0, 0, 1),
(655, '营养健康', 13, 2, '0,13,655,', 0, 0, 1),
(656, '营养成分', 13, 2, '0,13,656,', 0, 0, 1),
(657, '传统滋补', 13, 2, '0,13,657,', 0, 0, 1),
(658, '成人用品', 13, 2, '0,13,658,', 0, 0, 1),
(659, '保健器械', 13, 2, '0,13,659,', 0, 0, 1),
(660, '急救卫生', 13, 2, '0,13,660,', 0, 0, 1),
(661, '调节免疫', 655, 3, '0,13,655,661,', 0, 0, 1),
(662, '调节三高', 655, 3, '0,13,655,662,', 0, 0, 1),
(663, '缓解疲劳', 655, 3, '0,13,655,663,', 0, 0, 1),
(664, '美体塑身', 655, 3, '0,13,655,664,', 0, 0, 1),
(665, '美容养颜', 655, 3, '0,13,655,665,', 0, 0, 1),
(666, '肝肾养护', 655, 3, '0,13,655,666,', 0, 0, 1),
(667, '维生素/矿物质', 656, 3, '0,13,656,667,', 0, 0, 1),
(668, '蛋白质', 656, 3, '0,13,656,668,', 0, 0, 1),
(669, '鱼油/磷脂', 656, 3, '0,13,656,669,', 0, 0, 1),
(670, '螺旋藻', 656, 3, '0,13,656,670,', 0, 0, 1),
(671, '番茄红素', 656, 3, '0,13,656,671,', 0, 0, 1),
(672, '叶酸', 656, 3, '0,13,656,672,', 0, 0, 1),
(673, '蜂产品', 657, 3, '0,13,657,673,', 0, 0, 1),
(674, '阿胶', 657, 3, '0,13,657,674,', 0, 0, 1),
(675, '参类', 657, 3, '0,13,657,675,', 0, 0, 1),
(676, '冬虫夏草', 657, 3, '0,13,657,676,', 0, 0, 1),
(677, '燕窝', 657, 3, '0,13,657,677,', 0, 0, 1),
(678, '海参', 657, 3, '0,13,657,678,', 0, 0, 1),
(679, '养生茶饮', 657, 3, '0,13,657,679,', 0, 0, 1),
(680, '鹿茸', 657, 3, '0,13,657,680,', 0, 0, 1),
(681, '安全避孕', 658, 3, '0,13,658,681,', 0, 0, 1),
(682, '验孕测孕', 658, 3, '0,13,658,682,', 0, 0, 1),
(683, '人体润滑', 658, 3, '0,13,658,683,', 0, 0, 1),
(684, '情爱玩具', 658, 3, '0,13,658,684,', 0, 0, 1),
(685, '情趣内衣', 658, 3, '0,13,658,685,', 0, 0, 1),
(686, '血压仪器', 659, 3, '0,13,659,686,', 0, 0, 1),
(687, '血糖用品', 659, 3, '0,13,659,687,', 0, 0, 1),
(688, '养生器械', 659, 3, '0,13,659,688,', 0, 0, 1),
(689, '康复辅助', 659, 3, '0,13,659,689,', 0, 0, 1),
(690, '中医保健', 659, 3, '0,13,659,690,', 0, 0, 1),
(691, '家庭护理', 659, 3, '0,13,659,691,', 0, 0, 1),
(692, '口罩', 660, 3, '0,13,660,692,', 0, 0, 1),
(693, '跌打损伤', 660, 3, '0,13,660,693,', 0, 0, 1),
(694, '防裂抗冻', 660, 3, '0,13,660,694,', 0, 0, 1),
(695, '眼部保健', 660, 3, '0,13,660,695,', 0, 0, 1),
(696, '鼻炎健康', 660, 3, '0,13,660,696,', 0, 0, 1),
(697, '彩票', 14, 2, '0,14,697,', 0, 0, 1),
(698, '游戏', 14, 2, '0,14,698,', 0, 0, 1),
(699, '演出票务', 14, 2, '0,14,699,', 0, 0, 1),
(700, '机票预订', 14, 2, '0,14,700,', 0, 0, 1),
(701, '酒店预订', 14, 2, '0,14,701,', 0, 0, 1),
(702, '双色球', 697, 3, '0,14,697,702,', 0, 0, 1),
(703, '福彩3D', 697, 3, '0,14,697,703,', 0, 0, 1),
(704, '七乐彩', 697, 3, '0,14,697,704,', 0, 0, 1),
(705, '新时时彩', 697, 3, '0,14,697,705,', 0, 0, 1),
(706, '快3', 697, 3, '0,14,697,706,', 0, 0, 1),
(707, '大乐透', 697, 3, '0,14,697,707,', 0, 0, 1),
(708, '排列三', 697, 3, '0,14,697,708,', 0, 0, 1),
(709, 'QQ充值', 698, 3, '0,14,698,709,', 0, 0, 1),
(710, '游戏点卡', 698, 3, '0,14,698,710,', 0, 0, 1),
(711, '网页游戏', 698, 3, '0,14,698,711,', 0, 0, 1),
(712, '游戏周边', 698, 3, '0,14,698,712,', 0, 0, 1),
(713, '电影选座', 699, 3, '0,14,699,713,', 0, 0, 1),
(714, '演唱会', 699, 3, '0,14,699,714,', 0, 0, 1),
(715, '音乐会', 699, 3, '0,14,699,715,', 0, 0, 1),
(716, '话剧歌剧', 699, 3, '0,14,699,716,', 0, 0, 1),
(717, '体育赛事', 699, 3, '0,14,699,717,', 0, 0, 1),
(718, '国内机票', 700, 3, '0,14,700,718,', 0, 0, 1),
(719, '国际机票', 700, 3, '0,14,700,719,', 0, 0, 1),
(720, '国内酒店', 701, 3, '0,14,701,720,', 0, 0, 1),
(721, '特惠酒店', 701, 3, '0,14,701,721,', 0, 0, 1),
(732, '测试根分类', 0, 1, '0,732,', 0, 0, 1),
(733, '测试二级分类', 1, 2, '0,1,733,', 0, 0, 1),
(734, '测试3级分类', 15, 3, '0,1,15,734,', 0, 0, 1),
(735, '测试4级分类', 734, 4, '0,1,15,734,735,', 0, 0, 1),
(736, '', 0, 1, '0,736,', 0, 0, 1),
(737, '测试', 420, 4, '0,7,394,420,737,', 0, 0, 1),
(738, '123', 734, 4, '0,1,15,734,738,', 0, 0, 1),
(739, '测试44', 734, 4, '0,1,15,734,739,', 0, 0, 0);

-- --------------------------------------------------------

--
-- 表的结构 `jd_relation_level_power`
--

CREATE TABLE IF NOT EXISTS `jd_relation_level_power` (
  `relationId` int(11) NOT NULL AUTO_INCREMENT COMMENT '关系id',
  `levelId` tinyint(4) NOT NULL COMMENT '角色id 对应jd_glyadmins表的levelId',
  `powerId` int(11) NOT NULL COMMENT '权限id 对应jd_powers表的powerId',
  `status` tinyint(1) NOT NULL DEFAULT '1' COMMENT '状态 1->启用 0->禁用',
  PRIMARY KEY (`relationId`),
  KEY `levelId` (`levelId`),
  KEY `powerId` (`powerId`),
  KEY `status` (`status`)
) ENGINE=MyISAM  DEFAULT CHARSET=utf8 COMMENT='角色权限关系表' AUTO_INCREMENT=37 ;

--
-- 转存表中的数据 `jd_relation_level_power`
--

INSERT INTO `jd_relation_level_power` (`relationId`, `levelId`, `powerId`, `status`) VALUES
(1, 1, 1, 1),
(2, 2, 2, 1),
(3, 2, 3, 1),
(4, 2, 4, 1),
(5, 2, 5, 1),
(6, 2, 6, 1),
(7, 2, 7, 1),
(10, 2, 8, 1),
(11, 2, 9, 1),
(12, 2, 10, 1),
(13, 2, 11, 1),
(14, 2, 12, 1),
(15, 2, 13, 1),
(16, 2, 14, 1),
(17, 2, 15, 1),
(18, 3, 5, 1),
(19, 3, 6, 1),
(20, 3, 7, 1),
(21, 3, 8, 1),
(22, 3, 9, 1),
(23, 3, 10, 1),
(24, 3, 11, 1),
(25, 3, 12, 1),
(26, 3, 13, 1),
(27, 3, 14, 1),
(28, 3, 15, 1),
(29, 4, 5, 1),
(30, 4, 7, 1),
(31, 4, 8, 1),
(32, 4, 10, 1),
(33, 4, 11, 1),
(34, 4, 12, 1),
(35, 4, 13, 1),
(36, 4, 14, 1);

-- --------------------------------------------------------

--
-- 表的结构 `jd_sizes`
--

CREATE TABLE IF NOT EXISTS `jd_sizes` (
  `sizeId` int(11) unsigned NOT NULL AUTO_INCREMENT COMMENT '尺寸id',
  `sizeName` char(16) CHARACTER SET utf8 COLLATE utf8_unicode_ci NOT NULL COMMENT '尺寸名称',
  `create_time` int(11) NOT NULL COMMENT '创建时间',
  `updata_time` int(11) NOT NULL COMMENT '修改时间',
  `status` tinyint(1) NOT NULL DEFAULT '1' COMMENT '状态 1->开启 0->禁用',
  PRIMARY KEY (`sizeId`),
  KEY `status` (`status`)
) ENGINE=MyISAM  DEFAULT CHARSET=utf8 COMMENT='尺寸表' AUTO_INCREMENT=18 ;

--
-- 转存表中的数据 `jd_sizes`
--

INSERT INTO `jd_sizes` (`sizeId`, `sizeName`, `create_time`, `updata_time`, `status`) VALUES
(1, 'S', 0, 0, 1),
(2, 'M', 0, 0, 1),
(3, 'L', 0, 0, 1),
(4, 'XL', 0, 0, 1),
(5, 'XXL', 0, 0, 1),
(6, 'XXXL', 0, 0, 1),
(7, '17.3英寸', 0, 0, 1),
(8, ' 18.4英寸', 0, 0, 1),
(9, '13.8英寸', 0, 0, 1),
(10, '14.2英寸', 0, 0, 1),
(11, '15英寸', 0, 0, 1),
(12, '11.6英寸', 0, 0, 1),
(13, '9.7寸', 0, 0, 1),
(14, '8英寸', 0, 0, 1),
(15, '20英寸', 0, 0, 1),
(16, '23英寸', 0, 0, 1),
(17, '29c', 0, 0, 1);

-- --------------------------------------------------------

--
-- 表的结构 `jd_stationnews`
--

CREATE TABLE IF NOT EXISTS `jd_stationnews` (
  `newsId` int(11) NOT NULL AUTO_INCREMENT COMMENT '新闻id',
  `newsInfo` text NOT NULL COMMENT '新闻信息',
  `prodId` int(11) NOT NULL COMMENT '商品id 对应 jd_prods表的prodId',
  `proTypeId` int(11) NOT NULL COMMENT '商品分类id 对应jd_proType表的proTypeId',
  `brandId` int(11) NOT NULL COMMENT '品牌id 对应jd_brand表的brandId',
  `is_checked` tinyint(4) NOT NULL DEFAULT '1' COMMENT '审核状态 1->未审核 0->已审核通过',
  `is_show` tinyint(4) NOT NULL DEFAULT '0' COMMENT '显示状态 1->显示 0->不显示',
  `activity` tinyint(3) NOT NULL COMMENT '推广类型 0->优惠促销 1->限时抢购 2->推广商品',
  PRIMARY KEY (`newsId`)
) ENGINE=MyISAM  DEFAULT CHARSET=utf8 COMMENT='站内新闻表' AUTO_INCREMENT=8 ;

--
-- 转存表中的数据 `jd_stationnews`
--

INSERT INTO `jd_stationnews` (`newsId`, `newsInfo`, `prodId`, `proTypeId`, `brandId`, `is_checked`, `is_show`, `activity`) VALUES
(1, '十一优惠大促销', 63, 24, 11, 1, 1, 0),
(2, '', 0, 0, 0, 1, 0, 0),
(3, '惠普金秋惠曾，新机上市，速来抢购', 102, 22, 6, 0, 1, 0),
(4, '联想，新机，限时，钱 不够可以贷款', 16, 22, 2, 0, 1, 1),
(5, '好东西，依赖一个准', 13, 22, 3, 0, 1, 1),
(6, '雷神，雷动我心，高端处理器，速来抢', 63, 22, 11, 0, 1, 2),
(7, 'wetrsyty', 152, 23, 6, 0, 1, 1);

-- --------------------------------------------------------

--
-- 表的结构 `jd_statistic`
--

CREATE TABLE IF NOT EXISTS `jd_statistic` (
  `staId` int(11) NOT NULL AUTO_INCREMENT,
  `saleTotal` int(11) NOT NULL DEFAULT '0' COMMENT '销售数量',
  `sumMoney` double(14,2) NOT NULL COMMENT '总销售金额',
  `yearId` int(11) NOT NULL COMMENT '年份',
  `monthId` int(11) NOT NULL COMMENT '月份',
  `dayId` int(11) NOT NULL COMMENT '日',
  `addTime` int(11) NOT NULL COMMENT '创建时间',
  PRIMARY KEY (`staId`),
  KEY `yearId` (`yearId`),
  KEY `monthId` (`monthId`),
  KEY `dayId` (`dayId`)
) ENGINE=MyISAM  DEFAULT CHARSET=utf8 COMMENT='网站数据统计表' AUTO_INCREMENT=8 ;

--
-- 转存表中的数据 `jd_statistic`
--

INSERT INTO `jd_statistic` (`staId`, `saleTotal`, `sumMoney`, `yearId`, `monthId`, `dayId`, `addTime`) VALUES
(1, 7, 25882.00, 2014, 10, 6, 1412587801),
(2, 2, 5000.00, 2014, 10, 7, 1412730007),
(5, 1, 7388.00, 2014, 10, 8, 1412752140),
(6, 2, 9198.00, 2014, 10, 9, 1412859797),
(7, 2, 8298.00, 2014, 10, 10, 1412920500);

-- --------------------------------------------------------

--
-- 表的结构 `jd_survey`
--

CREATE TABLE IF NOT EXISTS `jd_survey` (
  `sId` int(11) NOT NULL AUTO_INCREMENT,
  `myd` tinyint(4) NOT NULL COMMENT '满意度',
  `suggest` text NOT NULL COMMENT '建议 意见',
  `sex` tinyint(1) NOT NULL COMMENT '性别 1->女 2->男',
  `age` tinyint(4) NOT NULL COMMENT '年龄选择',
  `learn` tinyint(4) NOT NULL COMMENT '学历',
  `work` int(11) NOT NULL COMMENT '行业',
  `province` int(11) NOT NULL COMMENT '省',
  PRIMARY KEY (`sId`)
) ENGINE=MyISAM  DEFAULT CHARSET=utf8 COMMENT='问卷调查表' AUTO_INCREMENT=16 ;

--
-- 转存表中的数据 `jd_survey`
--

INSERT INTO `jd_survey` (`sId`, `myd`, `suggest`, `sex`, `age`, `learn`, `work`, `province`) VALUES
(7, 1, 'fdfdefdsdefd', 2, 3, 3, 2, 13),
(10, 1, 'fdfdefdsdefd', 2, 3, 3, 2, 13),
(13, 2, '我了个查查', 2, 3, 2, 2, 17),
(14, 1, '非常好', 2, 2, 2, 3, 15),
(15, 1, '非常好', 1, 2, 2, 3, 15);

-- --------------------------------------------------------

--
-- 表的结构 `jd_usergwxwdj`
--

CREATE TABLE IF NOT EXISTS `jd_usergwxwdj` (
  `id` int(11) NOT NULL AUTO_INCREMENT,
  `userGWdjId` tinyint(4) DEFAULT NULL COMMENT '购物行为等级id',
  `userGWdjimg` char(12) DEFAULT NULL COMMENT '购物行为等级图片',
  `status` tinyint(1) NOT NULL DEFAULT '1' COMMENT '状态 1->启用 0->禁用',
  PRIMARY KEY (`id`),
  UNIQUE KEY `userGWdjId` (`userGWdjId`) USING BTREE,
  KEY `status` (`status`)
) ENGINE=MyISAM  DEFAULT CHARSET=utf8 COMMENT='购物行为等级表' AUTO_INCREMENT=6 ;

--
-- 转存表中的数据 `jd_usergwxwdj`
--

INSERT INTO `jd_usergwxwdj` (`id`, `userGWdjId`, `userGWdjimg`, `status`) VALUES
(1, 0, '0.jpg', 1),
(2, 1, '1.jpg', 1),
(3, 2, '2.jpg', 1),
(4, 3, '3.jpg', 1),
(5, 4, '4.jpg', 1);

-- --------------------------------------------------------

--
-- 表的结构 `jd_userhydj`
--

CREATE TABLE IF NOT EXISTS `jd_userhydj` (
  `id` int(11) NOT NULL AUTO_INCREMENT,
  `userHYdjId` tinyint(4) DEFAULT NULL COMMENT '会员等级',
  `userHYdjimg` char(255) DEFAULT NULL COMMENT '会员等级显示图片',
  `status` tinyint(1) NOT NULL DEFAULT '1' COMMENT '状态 1->启用 0->禁用',
  PRIMARY KEY (`id`),
  UNIQUE KEY `userHYdjId` (`userHYdjId`),
  KEY `status` (`status`)
) ENGINE=MyISAM  DEFAULT CHARSET=utf8 COMMENT='会员等级表' AUTO_INCREMENT=6 ;

--
-- 转存表中的数据 `jd_userhydj`
--

INSERT INTO `jd_userhydj` (`id`, `userHYdjId`, `userHYdjimg`, `status`) VALUES
(1, 0, '5.jpg', 1),
(2, 1, '6.jpg', 1),
(3, 2, '7.jpg', 1),
(4, 3, '8.jpg', 1),
(5, 4, '9.jpg', 1);

-- --------------------------------------------------------

--
-- 表的结构 `jd_users`
--

CREATE TABLE IF NOT EXISTS `jd_users` (
  `userId` int(11) NOT NULL AUTO_INCREMENT COMMENT '用户id',
  `uname` char(32) CHARACTER SET utf8 COLLATE utf8_unicode_ci NOT NULL COMMENT '账户名（唯一存在）',
  `upwd` char(32) CHARACTER SET utf8 NOT NULL COMMENT '账户密码，md5加密一次',
  `nickName` char(50) CHARACTER SET utf8 COLLATE utf8_unicode_ci DEFAULT NULL COMMENT '用户昵称',
  `usertel` char(20) COLLATE utf8_german2_ci NOT NULL COMMENT '手机号码',
  `useremail` char(50) CHARACTER SET utf8 NOT NULL COMMENT '用户邮箱地址',
  `lzhengNamen` char(32) CHARACTER SET utf8 COLLATE utf8_unicode_ci DEFAULT NULL COMMENT '真实姓名',
  `sfz` char(20) CHARACTER SET utf8 DEFAULT NULL COMMENT '身份证',
  `userdizhi` varchar(255) CHARACTER SET utf8 COLLATE utf8_unicode_ci DEFAULT NULL COMMENT '用户所在地',
  `userday` char(12) CHARACTER SET latin1 DEFAULT NULL COMMENT '生日',
  `hunyi` tinyint(4) DEFAULT '0' COMMENT '婚姻状况 1->已婚 0->未婚',
  `ymoney` double(10,2) DEFAULT NULL COMMENT '月收入',
  `xqah` varchar(64) CHARACTER SET utf8 COLLATE utf8_unicode_ci DEFAULT NULL COMMENT '兴趣，爱好',
  `userimg` char(128) CHARACTER SET utf8 DEFAULT NULL COMMENT '头像',
  `userHYdjId` tinyint(4) DEFAULT '0' COMMENT '会员等级',
  `userGWdjId` tinyint(4) DEFAULT '0' COMMENT '购物行为评级',
  `userJF` smallint(6) DEFAULT '0' COMMENT '用户积分',
  `userGCS` smallint(6) DEFAULT '0' COMMENT '购物次数',
  `userCZ` smallint(6) DEFAULT NULL COMMENT '成长值',
  `userCare` text CHARACTER SET utf8 COMMENT '关注',
  `status` tinyint(1) NOT NULL DEFAULT '1' COMMENT '状态 1->启用 0->禁用',
  PRIMARY KEY (`userId`),
  UNIQUE KEY `uname` (`uname`),
  KEY `hunyi` (`hunyi`),
  KEY `status` (`status`)
) ENGINE=MyISAM  DEFAULT CHARSET=utf8 COLLATE=utf8_german2_ci COMMENT='用户表' AUTO_INCREMENT=14 ;

--
-- 转存表中的数据 `jd_users`
--

INSERT INTO `jd_users` (`userId`, `uname`, `upwd`, `nickName`, `usertel`, `useremail`, `lzhengNamen`, `sfz`, `userdizhi`, `userday`, `hunyi`, `ymoney`, `xqah`, `userimg`, `userHYdjId`, `userGWdjId`, `userJF`, `userGCS`, `userCZ`, `userCare`, `status`) VALUES
(1, 'wangming', '994823de0f92037667367978cfcc9f97', 'wangming', '', 'wangming@163.com', NULL, NULL, NULL, NULL, 0, NULL, NULL, NULL, 2, 1, 3900, 1, 4680, NULL, 1),
(2, 'bbbbbb', '875f26fdb1cecf20ceb4ca028263dec6', 'bbbbbb', '', '1111@aa.com', NULL, NULL, NULL, NULL, 0, NULL, NULL, NULL, 0, 0, 7388, 1, NULL, '43,,1,163,162,38,36,39,33,50,58', 1),
(3, 'jiangchuanliang', '0b4e7a0e5fe84ad35fb5f95b9ceeac79', 'jiangchuangliang', '', 'welcometo7512@163.com', NULL, NULL, 'null/null/null', 'null/null/', 0, NULL, NULL, NULL, 0, 0, 13897, 3, NULL, '56,41,178,40', 1),
(4, 'xiaoming', '97304531204ef7431330c20427d95481', 'xiaoming', '', 'xiaoming@cc.com', NULL, NULL, NULL, NULL, 0, NULL, NULL, NULL, 0, 0, 0, 0, NULL, NULL, 1),
(5, 'ergou', '97304531204ef7431330c20427d95481', 'ergou', '', 'aaa@bb.com', NULL, NULL, NULL, NULL, 0, NULL, NULL, NULL, 0, 0, 0, 0, NULL, NULL, 1),
(6, 'huofu', '7432737abceb1c4c9bb7e4130296a89a', 'huofu', '', '1329@qq.com', NULL, NULL, NULL, NULL, 0, NULL, NULL, NULL, 0, 0, 0, 0, NULL, NULL, 1),
(7, 'whya', '96e79218965eb72c92a549dd5a330112', 'whya', '', 'nkbh@sina.com', NULL, NULL, NULL, NULL, 0, NULL, NULL, NULL, 2, 1, 3599, 1, 4319, NULL, 1),
(8, 'dandan', 'fba0f06bb80037522b1614f5cbe8d921', 'dandan', '', 'dandan@163.com', NULL, NULL, '3/38/419', '2011/3/5', 0, NULL, NULL, '2014-10-10/user_54377ce2174e2.jpg', 0, 0, 6798, 1, NULL, NULL, 1),
(9, 'qq111111', '45101b093c4e8acf32a525dc231afd50', 'qq111111', '', '11@11.com', NULL, NULL, NULL, NULL, 0, NULL, NULL, NULL, 0, 0, 0, 0, NULL, NULL, 1),
(10, 'qq111112', '45101b093c4e8acf32a525dc231afd50', 'qq111112', '', '11@11.com', NULL, NULL, NULL, NULL, 0, NULL, NULL, NULL, 0, 0, 20185, 1, NULL, NULL, 1),
(11, 'qinjun', 'b8372e2c6dd26dae061974880ae82c36', 'qinjun', '', 'qqq@aa.com', NULL, NULL, NULL, NULL, 0, NULL, NULL, NULL, 0, 0, 0, 0, NULL, NULL, 1),
(12, 'json', '4297f44b13955235245b2497399d7a93', 'json', '', '422536329@qq.com', NULL, NULL, NULL, NULL, 0, NULL, NULL, NULL, 0, 0, 3900, 1, NULL, NULL, 1),
(13, 'json1', '4297f44b13955235245b2497399d7a93', 'json1', '', '123123@123.com', NULL, NULL, NULL, NULL, 0, NULL, NULL, NULL, 0, 0, 3900, 1, NULL, NULL, 1);

-- --------------------------------------------------------

--
-- 表的结构 `jd_user_shop_cart`
--

CREATE TABLE IF NOT EXISTS `jd_user_shop_cart` (
  `id` int(11) NOT NULL AUTO_INCREMENT,
  `userId` int(11) NOT NULL COMMENT '用户id',
  `prodId` int(11) NOT NULL COMMENT '商品id',
  `sizeId` int(11) NOT NULL COMMENT '尺寸id',
  `colorId` int(11) NOT NULL COMMENT '颜色id',
  `proTypeId` int(11) NOT NULL COMMENT '分类id',
  `brandId` int(11) NOT NULL COMMENT '品牌id',
  `number` int(11) NOT NULL COMMENT '数量',
  `status` tinyint(1) NOT NULL DEFAULT '1' COMMENT '状态 1->启用 0->禁用',
  PRIMARY KEY (`id`),
  KEY `userId` (`userId`),
  KEY `prodId` (`prodId`),
  KEY `sizeId` (`sizeId`),
  KEY `colorId` (`colorId`),
  KEY `proTypeId` (`proTypeId`),
  KEY `status` (`status`)
) ENGINE=MyISAM DEFAULT CHARSET=utf8 COMMENT='用户购物车' AUTO_INCREMENT=1 ;

-- --------------------------------------------------------

--
-- 表的结构 `jd_zc`
--

CREATE TABLE IF NOT EXISTS `jd_zc` (
  `id` int(11) NOT NULL AUTO_INCREMENT,
  `title` char(100) NOT NULL COMMENT '标题',
  `content` text NOT NULL COMMENT '内容、描述',
  `price` decimal(10,2) NOT NULL COMMENT '单价',
  `image` char(128) NOT NULL COMMENT '图片',
  `expect_number` int(11) NOT NULL COMMENT '期待数量',
  `current_number` int(11) NOT NULL COMMENT '当前数量',
  `start_time` int(11) NOT NULL COMMENT '开始时间',
  `end_time` int(11) NOT NULL COMMENT '结束时间',
  `top` tinyint(2) NOT NULL DEFAULT '0' COMMENT '排序 越大越前',
  `status` tinyint(1) NOT NULL COMMENT '状态 1->启用 0->禁用',
  PRIMARY KEY (`id`),
  KEY `status` (`status`)
) ENGINE=MyISAM  DEFAULT CHARSET=utf8 COMMENT='众筹表' AUTO_INCREMENT=7 ;

--
-- 转存表中的数据 `jd_zc`
--

INSERT INTO `jd_zc` (`id`, `title`, `content`, `price`, `image`, `expect_number`, `current_number`, `start_time`, `end_time`, `top`, `status`) VALUES
(1, '模拟', '<p>模拟content内容</p>', '52.00', '1474856038.png', 5000, 0, 1473177600, 1475769600, 0, 1),
(2, '测试1', '<p>测试1</p>', '200.00', '1473835653.png', 10, 0, 2016, 2016, 1, 1),
(3, '测试2', '<p>11111011</p>', '40.00', '1473835796.png', 1000, 0, 2016, 2016, 10, 1),
(4, '测试3', '<p>撒发顺丰啥方向走vcxzbge23123</p>', '150.00', '1473836130.png', 2000, 0, 1472572800, 1473091200, 2, 1),
(5, '12312', '<p>123123</p>', '312312.00', '1474183302.png', 3123, 1231231, 1474473600, 1472832000, 127, 1),
(6, '测试修改112312', '<p>120</p>', '1500.00', '1474429065.png', 90000, 1651, 1473696000, 1475164800, 0, 1);

-- --------------------------------------------------------

--
-- 表的结构 `jd_zc_conf`
--

CREATE TABLE IF NOT EXISTS `jd_zc_conf` (
  `id` int(11) NOT NULL AUTO_INCREMENT,
  `zc_id` int(11) NOT NULL COMMENT '众筹id 对应jd_zc表的id',
  `start` int(11) NOT NULL COMMENT '每阶级开始数量 判断时大于此值',
  `end` int(11) NOT NULL COMMENT '每阶梯结束数值 判断时小于等于此值',
  `price` decimal(10,2) NOT NULL COMMENT '每阶级数量单价',
  `status` tinyint(1) NOT NULL DEFAULT '1' COMMENT '状态 1->启用 0->禁用',
  PRIMARY KEY (`id`),
  KEY `zc_id` (`zc_id`),
  KEY `status` (`status`)
) ENGINE=MyISAM  DEFAULT CHARSET=utf8 COMMENT='众筹详情表' AUTO_INCREMENT=29 ;

--
-- 转存表中的数据 `jd_zc_conf`
--

INSERT INTO `jd_zc_conf` (`id`, `zc_id`, `start`, `end`, `price`, `status`) VALUES
(1, 1, 0, 50, '10.00', 1),
(2, 1, 50, 58, '9.00', 1),
(3, 1, 75, 100, '10.00', 1),
(4, 1, 58, 70, '8.00', 1),
(5, 1, 70, 75, '10.00', 1),
(6, 0, 0, 123, '132.00', 1),
(7, 0, 0, 150, '100.00', 1),
(8, 3, 0, 50, '50.00', 1),
(9, 3, 50, -1, '25.00', 1),
(10, 4, 0, 1, '100.00', 1),
(11, 4, 1, 2, '50.00', 1),
(12, 4, 2, -1, '25.00', 1),
(13, 5, 0, 1, '11.00', 1),
(14, 6, 501, 800, '110.00', 1),
(15, 6, 1001, 2000, '90.00', 1),
(16, 6, 2001, 4000, '80.00', 1),
(17, 6, 6001, 8000, '70.00', 1),
(18, 6, 8001, 10000, '60.12', 1),
(19, 6, 301, 500, '120.00', 1),
(20, 6, 801, 1000, '100.00', 1),
(21, 6, 4001, 6000, '75.00', 1),
(22, 6, 0, 300, '130.00', 1),
(28, 6, 10001, -1, '50.00', 1);

-- --------------------------------------------------------

--
-- 表的结构 `jd_zc_orders`
--

CREATE TABLE IF NOT EXISTS `jd_zc_orders` (
  `orderId` int(11) NOT NULL AUTO_INCREMENT COMMENT '订单id',
  `orderno` char(32) NOT NULL COMMENT '订单编号 （唯一，由userid+时间戳+1位随机数组成)',
  `userId` int(11) NOT NULL COMMENT '用户id',
  `receiver` char(24) CHARACTER SET utf8 COLLATE utf8_unicode_ci NOT NULL COMMENT '收货人',
  `tel` char(12) NOT NULL COMMENT '联系方式',
  `hometel` char(12) DEFAULT NULL COMMENT '家庭电话',
  `address` varchar(255) CHARACTER SET utf8 COLLATE utf8_unicode_ci NOT NULL COMMENT '收货地址',
  `orderTime` int(11) NOT NULL COMMENT '下单时间',
  `orderState` tinyint(4) NOT NULL DEFAULT '0' COMMENT '订单状态 0->等待商家发货 1->商家已发货，等待用户收获 2->交易完成 3->订单取消',
  `email` char(32) CHARACTER SET utf8 DEFAULT NULL COMMENT '邮箱地址',
  `addressbie` varchar(255) CHARACTER SET utf8 COLLATE utf8_unicode_ci DEFAULT NULL COMMENT '地址别名',
  `send_sample` tinyint(1) NOT NULL DEFAULT '0' COMMENT '是否需要寄样 1->是 0->否',
  `sample_status` tinyint(1) NOT NULL DEFAULT '0' COMMENT '寄样状态 0->待发货 1->已发',
  PRIMARY KEY (`orderId`),
  UNIQUE KEY `orderno` (`orderno`),
  KEY `orderState` (`orderState`),
  KEY `send_sample` (`send_sample`),
  KEY `userId` (`userId`)
) ENGINE=MyISAM  DEFAULT CHARSET=latin1 COMMENT='订单表' AUTO_INCREMENT=2 ;

--
-- 转存表中的数据 `jd_zc_orders`
--

INSERT INTO `jd_zc_orders` (`orderId`, `orderno`, `userId`, `receiver`, `tel`, `hometel`, `address`, `orderTime`, `orderState`, `email`, `addressbie`, `send_sample`, `sample_status`) VALUES
(1, '14501234122', 2, '什么鬼小姐1123123', '13111111111', '12312312', 'asdljasldkjaksldjklasd', 1450123412, 0, 'asd@qq.com', '测试地址别名', 0, 0);

-- --------------------------------------------------------

--
-- 表的结构 `jd_zc_order_details`
--

CREATE TABLE IF NOT EXISTS `jd_zc_order_details` (
  `id` int(11) NOT NULL AUTO_INCREMENT COMMENT 'id',
  `orderId` int(11) NOT NULL COMMENT '订单id 对应jd_zc_orders表的orderId',
  `zc_id` int(11) NOT NULL COMMENT '众筹id 对应jd_zc表id',
  `zc_conf_id` int(11) NOT NULL COMMENT '众筹数量阶梯id 对应jd_zc_conf表的id',
  `number` int(11) NOT NULL COMMENT '数量',
  `price` decimal(10,2) NOT NULL COMMENT '单价',
  `order_time` int(11) NOT NULL COMMENT '下单时间',
  `status` tinyint(1) NOT NULL DEFAULT '1' COMMENT '状态 1->成功 0->取消',
  PRIMARY KEY (`id`),
  KEY `zc_id` (`zc_id`),
  KEY `zc_conf_id` (`zc_conf_id`),
  KEY `status` (`status`),
  KEY `orderno` (`orderId`)
) ENGINE=MyISAM  DEFAULT CHARSET=utf8 COMMENT='众筹订单详情表' AUTO_INCREMENT=3 ;

--
-- 转存表中的数据 `jd_zc_order_details`
--

INSERT INTO `jd_zc_order_details` (`id`, `orderId`, `zc_id`, `zc_conf_id`, `number`, `price`, `order_time`, `status`) VALUES
(1, 1, 6, 3, 2, '50.00', 12121212, 1),
(2, 1, 6, 4, 3, '77.00', 12121212, 1);

/*!40101 SET CHARACTER_SET_CLIENT=@OLD_CHARACTER_SET_CLIENT */;
/*!40101 SET CHARACTER_SET_RESULTS=@OLD_CHARACTER_SET_RESULTS */;
/*!40101 SET COLLATION_CONNECTION=@OLD_COLLATION_CONNECTION */;
